origin_date,target,target_end_date,horizon,location,output_type,output_type_id,value
2026-01-21,ILI incidence,2026-01-18,1,AT,quantile,0.01,2999.137817623198
2026-01-21,ILI incidence,2026-01-25,2,AT,quantile,0.01,2633.5882222010146
2026-01-21,ILI incidence,2026-02-01,3,AT,quantile,0.01,2369.4747329732363
2026-01-21,ILI incidence,2026-02-08,4,AT,quantile,0.01,2176.711169934999
2026-01-21,ILI incidence,2026-01-18,1,AT,quantile,0.025,3012.263786507894
2026-01-21,ILI incidence,2026-01-25,2,AT,quantile,0.025,2647.9516109652227
2026-01-21,ILI incidence,2026-02-01,3,AT,quantile,0.025,2384.479658310545
2026-01-21,ILI incidence,2026-02-08,4,AT,quantile,0.025,2192.059897141635
2026-01-21,ILI incidence,2026-01-18,1,AT,quantile,0.05,3033.722750991174
2026-01-21,ILI incidence,2026-01-25,2,AT,quantile,0.05,2671.4335689112027
2026-01-21,ILI incidence,2026-02-01,3,AT,quantile,0.05,2409.010431064622
2026-01-21,ILI incidence,2026-02-08,4,AT,quantile,0.05,2217.15273370738
2026-01-21,ILI incidence,2026-01-18,1,AT,quantile,0.1,3075.262345254895
2026-01-21,ILI incidence,2026-01-25,2,AT,quantile,0.1,2716.8892108343625
2026-01-21,ILI incidence,2026-02-01,3,AT,quantile,0.1,2456.496335986729
2026-01-21,ILI incidence,2026-02-08,4,AT,quantile,0.1,2265.7266642285413
2026-01-21,ILI incidence,2026-01-18,1,AT,quantile,0.15,3115.261019243647
2026-01-21,ILI incidence,2026-01-25,2,AT,quantile,0.15,2760.658665843744
2026-01-21,ILI incidence,2026-02-01,3,AT,quantile,0.15,2502.2207409479743
2026-01-21,ILI incidence,2026-02-08,4,AT,quantile,0.15,2312.4987342428376
2026-01-21,ILI incidence,2026-01-18,1,AT,quantile,0.2,3154.0158777628026
2026-01-21,ILI incidence,2026-01-25,2,AT,quantile,0.2,2803.067047602253
2026-01-21,ILI incidence,2026-02-01,3,AT,quantile,0.2,2546.5232807182674
2026-01-21,ILI incidence,2026-02-08,4,AT,quantile,0.2,2357.816360436192
2026-01-21,ILI incidence,2026-01-18,1,AT,quantile,0.25,3191.773791342856
2026-01-21,ILI incidence,2026-01-25,2,AT,quantile,0.25,2844.384499779668
2026-01-21,ILI incidence,2026-02-01,3,AT,quantile,0.25,2589.686164855666
2026-01-21,ILI incidence,2026-02-08,4,AT,quantile,0.25,2401.9682185217034
2026-01-21,ILI incidence,2026-01-18,1,AT,quantile,0.3,3228.745278788072
2026-01-21,ILI incidence,2026-01-25,2,AT,quantile,0.3,2884.84138734595
2026-01-21,ILI incidence,2026-02-01,3,AT,quantile,0.3,2631.9500475143777
2026-01-21,ILI incidence,2026-02-08,4,AT,quantile,0.3,2445.200476666226
2026-01-21,ILI incidence,2026-01-18,1,AT,quantile,0.35,3265.114515970685
2026-01-21,ILI incidence,2026-01-25,2,AT,quantile,0.35,2924.6392489210007
2026-01-21,ILI incidence,2026-02-01,3,AT,quantile,0.35,2673.5254689780254
2026-01-21,ILI incidence,2026-02-08,4,AT,quantile,0.35,2487.728499178925
2026-01-21,ILI incidence,2026-01-18,1,AT,quantile,0.4,3301.046839116332
2026-01-21,ILI incidence,2026-01-25,2,AT,quantile,0.4,2963.9590074147004
2026-01-21,ILI incidence,2026-02-01,3,AT,quantile,0.4,2714.601433025532
2026-01-21,ILI incidence,2026-02-08,4,AT,quantile,0.4,2529.745620406922
2026-01-21,ILI incidence,2026-01-18,1,AT,quantile,0.45,3336.694617652516
2026-01-21,ILI incidence,2026-01-25,2,AT,quantile,0.45,3002.9673965243664
2026-01-21,ILI incidence,2026-02-01,3,AT,quantile,0.45,2755.352120466212
2026-01-21,ILI incidence,2026-02-08,4,AT,quantile,0.45,2571.430012094942
2026-01-21,ILI incidence,2026-01-18,1,AT,quantile,0.5,3372.2020855214005
2026-01-21,ILI incidence,2026-01-25,2,AT,quantile,0.5,3041.822247508208
2026-01-21,ILI incidence,2026-02-01,3,AT,quantile,0.5,2795.9424120454246
2026-01-21,ILI incidence,2026-02-08,4,AT,quantile,0.5,2612.950332835097
2026-01-21,ILI incidence,2026-01-18,1,AT,quantile,0.55,3407.709553390285
2026-01-21,ILI incidence,2026-01-25,2,AT,quantile,0.55,3080.677098492049
2026-01-21,ILI incidence,2026-02-01,3,AT,quantile,0.55,2836.532703624637
2026-01-21,ILI incidence,2026-02-08,4,AT,quantile,0.55,2654.470653575251
2026-01-21,ILI incidence,2026-01-18,1,AT,quantile,0.6,3443.357331926469
2026-01-21,ILI incidence,2026-01-25,2,AT,quantile,0.6,3119.6854876017155
2026-01-21,ILI incidence,2026-02-01,3,AT,quantile,0.6,2877.283391065317
2026-01-21,ILI incidence,2026-02-08,4,AT,quantile,0.6,2696.155045263271
2026-01-21,ILI incidence,2026-01-18,1,AT,quantile,0.65,3479.289655072116
2026-01-21,ILI incidence,2026-01-25,2,AT,quantile,0.65,3159.005246095416
2026-01-21,ILI incidence,2026-02-01,3,AT,quantile,0.65,2918.359355112824
2026-01-21,ILI incidence,2026-02-08,4,AT,quantile,0.65,2738.172166491268
2026-01-21,ILI incidence,2026-01-18,1,AT,quantile,0.7,3515.6588922547294
2026-01-21,ILI incidence,2026-01-25,2,AT,quantile,0.7,3198.803107670466
2026-01-21,ILI incidence,2026-02-01,3,AT,quantile,0.7,2959.9347765764714
2026-01-21,ILI incidence,2026-02-08,4,AT,quantile,0.7,2780.700189003967
2026-01-21,ILI incidence,2026-01-18,1,AT,quantile,0.75,3552.630379699945
2026-01-21,ILI incidence,2026-01-25,2,AT,quantile,0.75,3239.259995236748
2026-01-21,ILI incidence,2026-02-01,3,AT,quantile,0.75,3002.198659235183
2026-01-21,ILI incidence,2026-02-08,4,AT,quantile,0.75,2823.9324471484897
2026-01-21,ILI incidence,2026-01-18,1,AT,quantile,0.8,3590.3882932799984
2026-01-21,ILI incidence,2026-01-25,2,AT,quantile,0.8,3280.577447414163
2026-01-21,ILI incidence,2026-02-01,3,AT,quantile,0.8,3045.3615433725818
2026-01-21,ILI incidence,2026-02-08,4,AT,quantile,0.8,2868.084305234001
2026-01-21,ILI incidence,2026-01-18,1,AT,quantile,0.85,3629.143151799154
2026-01-21,ILI incidence,2026-01-25,2,AT,quantile,0.85,3322.985829172672
2026-01-21,ILI incidence,2026-02-01,3,AT,quantile,0.85,3089.664083142875
2026-01-21,ILI incidence,2026-02-08,4,AT,quantile,0.85,2913.4019314273555
2026-01-21,ILI incidence,2026-01-18,1,AT,quantile,0.9,3669.141825787906
2026-01-21,ILI incidence,2026-01-25,2,AT,quantile,0.9,3366.7552841820534
2026-01-21,ILI incidence,2026-02-01,3,AT,quantile,0.9,3135.3884881041204
2026-01-21,ILI incidence,2026-02-08,4,AT,quantile,0.9,2960.174001441652
2026-01-21,ILI incidence,2026-01-18,1,AT,quantile,0.95,3710.681420051627
2026-01-21,ILI incidence,2026-01-25,2,AT,quantile,0.95,3412.2109261052133
2026-01-21,ILI incidence,2026-02-01,3,AT,quantile,0.95,3182.874393026227
2026-01-21,ILI incidence,2026-02-08,4,AT,quantile,0.95,3008.7479319628133
2026-01-21,ILI incidence,2026-01-18,1,AT,quantile,0.975,3732.140384534907
2026-01-21,ILI incidence,2026-01-25,2,AT,quantile,0.975,3435.692884051193
2026-01-21,ILI incidence,2026-02-01,3,AT,quantile,0.975,3207.4051657803043
2026-01-21,ILI incidence,2026-02-08,4,AT,quantile,0.975,3033.8407685285583
2026-01-21,ILI incidence,2026-01-18,1,AT,quantile,0.99,3745.266353419603
2026-01-21,ILI incidence,2026-01-25,2,AT,quantile,0.99,3450.0562728154014
2026-01-21,ILI incidence,2026-02-01,3,AT,quantile,0.99,3222.410091117613
2026-01-21,ILI incidence,2026-02-08,4,AT,quantile,0.99,3049.189495735194
2026-01-21,ILI incidence,2026-01-18,1,AT,median,,3372.2020855214005
2026-01-21,ILI incidence,2026-01-25,2,AT,median,,3041.822247508208
2026-01-21,ILI incidence,2026-02-01,3,AT,median,,2795.9424120454246
2026-01-21,ILI incidence,2026-02-08,4,AT,median,,2612.950332835097
2026-01-21,ILI incidence,2026-01-18,1,BE,quantile,0.01,103.6530562253826
2026-01-21,ILI incidence,2026-01-25,2,BE,quantile,0.01,114.73651711667156
2026-01-21,ILI incidence,2026-02-01,3,BE,quantile,0.01,127.82125323037292
2026-01-21,ILI incidence,2026-02-08,4,BE,quantile,0.01,141.34001964120677
2026-01-21,ILI incidence,2026-01-18,1,BE,quantile,0.025,106.34540417231234
2026-01-21,ILI incidence,2026-01-25,2,BE,quantile,0.025,117.86392135215536
2026-01-21,ILI incidence,2026-02-01,3,BE,quantile,0.025,131.23419593963382
2026-01-21,ILI incidence,2026-02-08,4,BE,quantile,0.025,144.93678664811603
2026-01-21,ILI incidence,2026-01-18,1,BE,quantile,0.05,110.74698393204775
2026-01-21,ILI incidence,2026-01-25,2,BE,quantile,0.05,122.97675203182813
2026-01-21,ILI incidence,2026-02-01,3,BE,quantile,0.05,136.81383863304956
2026-01-21,ILI incidence,2026-02-08,4,BE,quantile,0.05,150.81695413395303
2026-01-21,ILI incidence,2026-01-18,1,BE,quantile,0.1,119.26742477071352
2026-01-21,ILI incidence,2026-01-25,2,BE,quantile,0.1,132.874010221439
2026-01-21,ILI incidence,2026-02-01,3,BE,quantile,0.1,147.61473696165325
2026-01-21,ILI incidence,2026-02-08,4,BE,quantile,0.1,162.1995989840673
2026-01-21,ILI incidence,2026-01-18,1,BE,quantile,0.15,127.47179800514073
2026-01-21,ILI incidence,2026-01-25,2,BE,quantile,0.15,142.404127468022
2026-01-21,ILI incidence,2026-02-01,3,BE,quantile,0.15,158.01497361992952
2026-01-21,ILI incidence,2026-02-08,4,BE,quantile,0.15,173.16000215023638
2026-01-21,ILI incidence,2026-01-18,1,BE,quantile,0.2,135.42104462336582
2026-01-21,ILI incidence,2026-01-25,2,BE,quantile,0.2,151.63789220897706
2026-01-21,ILI incidence,2026-02-01,3,BE,quantile,0.2,168.09180017599436
2026-01-21,ILI incidence,2026-02-08,4,BE,quantile,0.2,183.77957604254192
2026-01-21,ILI incidence,2026-01-18,1,BE,quantile,0.25,143.1658017533427
2026-01-21,ILI incidence,2026-01-25,2,BE,quantile,0.25,160.6341240216979
2026-01-21,ILI incidence,2026-02-01,3,BE,quantile,0.25,177.90940655628907
2026-01-21,ILI incidence,2026-02-08,4,BE,quantile,0.25,194.12596791711093
2026-01-21,ILI incidence,2026-01-18,1,BE,quantile,0.3,150.7492501976034
2026-01-21,ILI incidence,2026-01-25,2,BE,quantile,0.3,169.44298129113048
2026-01-21,ILI incidence,2026-02-01,3,BE,quantile,0.3,187.52253071002644
2026-01-21,ILI incidence,2026-02-08,4,BE,quantile,0.3,204.25686396047675
2026-01-21,ILI incidence,2026-01-18,1,BE,quantile,0.35,158.20916739839555
2026-01-21,ILI incidence,2026-01-25,2,BE,quantile,0.35,178.10834591338175
2026-01-21,ILI incidence,2026-02-01,3,BE,quantile,0.35,196.97906104117013
2026-01-21,ILI incidence,2026-02-08,4,BE,quantile,0.35,214.2227318909878
2026-01-21,ILI incidence,2026-01-18,1,BE,quantile,0.4,165.57946648255611
2026-01-21,ILI incidence,2026-01-25,2,BE,quantile,0.4,186.6696110347312
2026-01-21,ILI incidence,2026-02-01,3,BE,quantile,0.4,206.32198737171493
2026-01-21,ILI incidence,2026-02-08,4,BE,quantile,0.4,224.06887700280103
2026-01-21,ILI incidence,2026-01-18,1,BE,quantile,0.45,172.8914008774639
2026-01-21,ILI incidence,2026-01-25,2,BE,quantile,0.45,195.16308032137792
2026-01-21,ILI incidence,2026-02-01,3,BE,quantile,0.45,215.5909279676556
2026-01-21,ILI incidence,2026-02-08,4,BE,quantile,0.45,233.83705143890265
2026-01-21,ILI incidence,2026-01-18,1,BE,quantile,0.5,180.1745552912248
2026-01-21,ILI incidence,2026-01-25,2,BE,quantile,0.5,203.62311907203528
2026-01-21,ILI incidence,2026-02-01,3,BE,quantile,0.5,224.8233857505408
2026-01-21,ILI incidence,2026-02-08,4,BE,quantile,0.5,243.5667780633956
2026-01-21,ILI incidence,2026-01-18,1,BE,quantile,0.55,187.4577097049857
2026-01-21,ILI incidence,2026-01-25,2,BE,quantile,0.55,212.08315782269264
2026-01-21,ILI incidence,2026-02-01,3,BE,quantile,0.55,234.05584353342604
2026-01-21,ILI incidence,2026-02-08,4,BE,quantile,0.55,253.29650468788844
2026-01-21,ILI incidence,2026-01-18,1,BE,quantile,0.6,194.7696440998935
2026-01-21,ILI incidence,2026-01-25,2,BE,quantile,0.6,220.57662710933943
2026-01-21,ILI incidence,2026-02-01,3,BE,quantile,0.6,243.3247841293667
2026-01-21,ILI incidence,2026-02-08,4,BE,quantile,0.6,263.06467912399
2026-01-21,ILI incidence,2026-01-18,1,BE,quantile,0.65,202.1399431840541
2026-01-21,ILI incidence,2026-01-25,2,BE,quantile,0.65,229.1378922306888
2026-01-21,ILI incidence,2026-02-01,3,BE,quantile,0.65,252.6677104599115
2026-01-21,ILI incidence,2026-02-08,4,BE,quantile,0.65,272.91082423580326
2026-01-21,ILI incidence,2026-01-18,1,BE,quantile,0.7,209.5998603848462
2026-01-21,ILI incidence,2026-01-25,2,BE,quantile,0.7,237.80325685294008
2026-01-21,ILI incidence,2026-02-01,3,BE,quantile,0.7,262.1242407910552
2026-01-21,ILI incidence,2026-02-08,4,BE,quantile,0.7,282.87669216631434
2026-01-21,ILI incidence,2026-01-18,1,BE,quantile,0.75,217.1833088291069
2026-01-21,ILI incidence,2026-01-25,2,BE,quantile,0.75,246.61211412237267
2026-01-21,ILI incidence,2026-02-01,3,BE,quantile,0.75,271.73736494479255
2026-01-21,ILI incidence,2026-02-08,4,BE,quantile,0.75,293.00758820968014
2026-01-21,ILI incidence,2026-01-18,1,BE,quantile,0.8,224.9280659590838
2026-01-21,ILI incidence,2026-01-25,2,BE,quantile,0.8,255.6083459350935
2026-01-21,ILI incidence,2026-02-01,3,BE,quantile,0.8,281.55497132508725
2026-01-21,ILI incidence,2026-02-08,4,BE,quantile,0.8,303.35398008424914
2026-01-21,ILI incidence,2026-01-18,1,BE,quantile,0.85,232.87731257730889
2026-01-21,ILI incidence,2026-01-25,2,BE,quantile,0.85,264.8421106760485
2026-01-21,ILI incidence,2026-02-01,3,BE,quantile,0.85,291.6317978811521
2026-01-21,ILI incidence,2026-02-08,4,BE,quantile,0.85,313.9735539765547
2026-01-21,ILI incidence,2026-01-18,1,BE,quantile,0.9,241.0816858117361
2026-01-21,ILI incidence,2026-01-25,2,BE,quantile,0.9,274.3722279226316
2026-01-21,ILI incidence,2026-02-01,3,BE,quantile,0.9,302.0320345394284
2026-01-21,ILI incidence,2026-02-08,4,BE,quantile,0.9,324.9339571427238
2026-01-21,ILI incidence,2026-01-18,1,BE,quantile,0.95,249.60212665040183
2026-01-21,ILI incidence,2026-01-25,2,BE,quantile,0.95,284.2694861122425
2026-01-21,ILI incidence,2026-02-01,3,BE,quantile,0.95,312.83293286803206
2026-01-21,ILI incidence,2026-02-08,4,BE,quantile,0.95,336.31660199283806
2026-01-21,ILI incidence,2026-01-18,1,BE,quantile,0.975,254.00370641013728
2026-01-21,ILI incidence,2026-01-25,2,BE,quantile,0.975,289.3823167919152
2026-01-21,ILI incidence,2026-02-01,3,BE,quantile,0.975,318.4125755614478
2026-01-21,ILI incidence,2026-02-08,4,BE,quantile,0.975,342.19676947867504
2026-01-21,ILI incidence,2026-01-18,1,BE,quantile,0.99,256.696054357067
2026-01-21,ILI incidence,2026-01-25,2,BE,quantile,0.99,292.509721027399
2026-01-21,ILI incidence,2026-02-01,3,BE,quantile,0.99,321.8255182707087
2026-01-21,ILI incidence,2026-02-08,4,BE,quantile,0.99,345.7935364855843
2026-01-21,ILI incidence,2026-01-18,1,BE,median,,180.1745552912248
2026-01-21,ILI incidence,2026-01-25,2,BE,median,,203.62311907203528
2026-01-21,ILI incidence,2026-02-01,3,BE,median,,224.8233857505408
2026-01-21,ILI incidence,2026-02-08,4,BE,median,,243.5667780633956
2026-01-21,ILI incidence,2026-01-18,1,EE,quantile,0.01,189.35490818352656
2026-01-21,ILI incidence,2026-01-25,2,EE,quantile,0.01,183.6329162663464
2026-01-21,ILI incidence,2026-02-01,3,EE,quantile,0.01,179.50966142522233
2026-01-21,ILI incidence,2026-02-08,4,EE,quantile,0.01,176.4087556024438
2026-01-21,ILI incidence,2026-01-18,1,EE,quantile,0.025,190.5405510781854
2026-01-21,ILI incidence,2026-01-25,2,EE,quantile,0.025,185.0191745937537
2026-01-21,ILI incidence,2026-02-01,3,EE,quantile,0.025,181.0403531562365
2026-01-21,ILI incidence,2026-02-08,4,EE,quantile,0.025,178.04797188378274
2026-01-21,ILI incidence,2026-01-18,1,EE,quantile,0.05,192.4788970387644
2026-01-21,ILI incidence,2026-01-25,2,EE,quantile,0.05,187.2854963010348
2026-01-21,ILI incidence,2026-02-01,3,EE,quantile,0.05,183.5428015300841
2026-01-21,ILI incidence,2026-02-08,4,EE,quantile,0.05,180.7278414058473
2026-01-21,ILI incidence,2026-01-18,1,EE,quantile,0.1,196.23108670327088
2026-01-21,ILI incidence,2026-01-25,2,EE,quantile,0.1,191.6725711883097
2026-01-21,ILI incidence,2026-02-01,3,EE,quantile,0.1,188.3869630550512
2026-01-21,ILI incidence,2026-02-08,4,EE,quantile,0.1,185.91544925677653
2026-01-21,ILI incidence,2026-01-18,1,EE,quantile,0.15,199.8440880768937
2026-01-21,ILI incidence,2026-01-25,2,EE,quantile,0.15,195.89690657941392
2026-01-21,ILI incidence,2026-02-01,3,EE,quantile,0.15,193.05142935570623
2026-01-21,ILI incidence,2026-02-08,4,EE,quantile,0.15,190.910621667308
2026-01-21,ILI incidence,2026-01-18,1,EE,quantile,0.2,203.34473805103147
2026-01-21,ILI incidence,2026-01-25,2,EE,quantile,0.2,199.98988027313555
2026-01-21,ILI incidence,2026-02-01,3,EE,quantile,0.2,197.57084746441888
2026-01-21,ILI incidence,2026-02-08,4,EE,quantile,0.2,195.75046211060308
2026-01-21,ILI incidence,2026-01-18,1,EE,quantile,0.25,206.75533595405767
2026-01-21,ILI incidence,2026-01-25,2,EE,quantile,0.25,203.9775647317585
2026-01-21,ILI incidence,2026-02-01,3,EE,quantile,0.25,201.9740063173032
2026-01-21,ILI incidence,2026-02-08,4,EE,quantile,0.25,200.4658006302588
2026-01-21,ILI incidence,2026-01-18,1,EE,quantile,0.3,210.09489753457427
2026-01-21,ILI incidence,2026-01-25,2,EE,quantile,0.3,207.88219324320653
2026-01-21,ILI incidence,2026-02-01,3,EE,quantile,0.3,206.2854556748944
2026-01-21,ILI incidence,2026-02-08,4,EE,quantile,0.3,205.08292754088052
2026-01-21,ILI incidence,2026-01-18,1,EE,quantile,0.35,213.38005903606177
2026-01-21,ILI incidence,2026-01-25,2,EE,quantile,0.35,211.72321696867257
2026-01-21,ILI incidence,2026-02-01,3,EE,quantile,0.35,210.52667330292212
2026-01-21,ILI incidence,2026-02-08,4,EE,quantile,0.35,209.6248433608338
2026-01-21,ILI incidence,2026-01-18,1,EE,quantile,0.4,216.6257549538612
2026-01-21,ILI incidence,2026-01-25,2,EE,quantile,0.4,215.51809737874407
2026-01-21,ILI incidence,2026-02-01,3,EE,quantile,0.4,214.71693997186856
2026-01-21,ILI incidence,2026-02-08,4,EE,quantile,0.4,214.1121958484165
2026-01-21,ILI incidence,2026-01-18,1,EE,quantile,0.45,219.84574851799923
2026-01-21,ILI incidence,2026-01-25,2,EE,quantile,0.45,219.28292649600425
2026-01-21,ILI incidence,2026-02-01,3,EE,quantile,0.45,218.8740243222649
2026-01-21,ILI incidence,2026-02-08,4,EE,quantile,0.45,218.56401342343807
2026-01-21,ILI incidence,2026-01-18,1,EE,quantile,0.5,223.05306809614888
2026-01-21,ILI incidence,2026-01-25,2,EE,quantile,0.5,223.03293713908724
2026-01-21,ILI incidence,2026-02-01,3,EE,quantile,0.5,223.0147462707621
2026-01-21,ILI incidence,2026-02-08,4,EE,quantile,0.5,222.9983085182295
2026-01-21,ILI incidence,2026-01-18,1,EE,quantile,0.55,226.26038767429853
2026-01-21,ILI incidence,2026-01-25,2,EE,quantile,0.55,226.78294778217025
2026-01-21,ILI incidence,2026-02-01,3,EE,quantile,0.55,227.1554682192592
2026-01-21,ILI incidence,2026-02-08,4,EE,quantile,0.55,227.4326036130209
2026-01-21,ILI incidence,2026-01-18,1,EE,quantile,0.6,229.48038123843656
2026-01-21,ILI incidence,2026-01-25,2,EE,quantile,0.6,230.5477768994304
2026-01-21,ILI incidence,2026-02-01,3,EE,quantile,0.6,231.3125525696556
2026-01-21,ILI incidence,2026-02-08,4,EE,quantile,0.6,231.88442118804247
2026-01-21,ILI incidence,2026-01-18,1,EE,quantile,0.65,232.726077156236
2026-01-21,ILI incidence,2026-01-25,2,EE,quantile,0.65,234.3426573095019
2026-01-21,ILI incidence,2026-02-01,3,EE,quantile,0.65,235.502819238602
2026-01-21,ILI incidence,2026-02-08,4,EE,quantile,0.65,236.3717736756252
2026-01-21,ILI incidence,2026-01-18,1,EE,quantile,0.7,236.01123865772348
2026-01-21,ILI incidence,2026-01-25,2,EE,quantile,0.7,238.18368103496795
2026-01-21,ILI incidence,2026-02-01,3,EE,quantile,0.7,239.74403686662976
2026-01-21,ILI incidence,2026-02-08,4,EE,quantile,0.7,240.9136894955784
2026-01-21,ILI incidence,2026-01-18,1,EE,quantile,0.75,239.35080023824008
2026-01-21,ILI incidence,2026-01-25,2,EE,quantile,0.75,242.088309546416
2026-01-21,ILI incidence,2026-02-01,3,EE,quantile,0.75,244.0554862242209
2026-01-21,ILI incidence,2026-02-08,4,EE,quantile,0.75,245.5308164062002
2026-01-21,ILI incidence,2026-01-18,1,EE,quantile,0.8,242.76139814126628
2026-01-21,ILI incidence,2026-01-25,2,EE,quantile,0.8,246.0759940050389
2026-01-21,ILI incidence,2026-02-01,3,EE,quantile,0.8,248.45864507710525
2026-01-21,ILI incidence,2026-02-08,4,EE,quantile,0.8,250.2461549258559
2026-01-21,ILI incidence,2026-01-18,1,EE,quantile,0.85,246.262048115404
2026-01-21,ILI incidence,2026-01-25,2,EE,quantile,0.85,250.16896769876053
2026-01-21,ILI incidence,2026-02-01,3,EE,quantile,0.85,252.97806318581783
2026-01-21,ILI incidence,2026-02-08,4,EE,quantile,0.85,255.08599536915096
2026-01-21,ILI incidence,2026-01-18,1,EE,quantile,0.9,249.87504948902688
2026-01-21,ILI incidence,2026-01-25,2,EE,quantile,0.9,254.3933030898648
2026-01-21,ILI incidence,2026-02-01,3,EE,quantile,0.9,257.64252948647294
2026-01-21,ILI incidence,2026-02-08,4,EE,quantile,0.9,260.0811677796824
2026-01-21,ILI incidence,2026-01-18,1,EE,quantile,0.95,253.6272391535333
2026-01-21,ILI incidence,2026-01-25,2,EE,quantile,0.95,258.78037797713966
2026-01-21,ILI incidence,2026-02-01,3,EE,quantile,0.95,262.48669101144
2026-01-21,ILI incidence,2026-02-08,4,EE,quantile,0.95,265.2687756306117
2026-01-21,ILI incidence,2026-01-18,1,EE,quantile,0.975,255.5655851141124
2026-01-21,ILI incidence,2026-01-25,2,EE,quantile,0.975,261.0466996844208
2026-01-21,ILI incidence,2026-02-01,3,EE,quantile,0.975,264.9891393852876
2026-01-21,ILI incidence,2026-02-08,4,EE,quantile,0.975,267.94864515267625
2026-01-21,ILI incidence,2026-01-18,1,EE,quantile,0.99,256.7512280087712
2026-01-21,ILI incidence,2026-01-25,2,EE,quantile,0.99,262.4329580118281
2026-01-21,ILI incidence,2026-02-01,3,EE,quantile,0.99,266.5198311163018
2026-01-21,ILI incidence,2026-02-08,4,EE,quantile,0.99,269.5878614340152
2026-01-21,ILI incidence,2026-01-18,1,EE,median,,223.05306809614888
2026-01-21,ILI incidence,2026-01-25,2,EE,median,,223.03293713908724
2026-01-21,ILI incidence,2026-02-01,3,EE,median,,223.0147462707621
2026-01-21,ILI incidence,2026-02-08,4,EE,median,,222.9983085182295
2026-01-21,ILI incidence,2026-01-18,1,FR,quantile,0.01,148.08198243064908
2026-01-21,ILI incidence,2026-01-25,2,FR,quantile,0.01,88.18483916175074
2026-01-21,ILI incidence,2026-02-01,3,FR,quantile,0.01,75.76800603186786
2026-01-21,ILI incidence,2026-02-08,4,FR,quantile,0.01,68.81130818810789
2026-01-21,ILI incidence,2026-01-18,1,FR,quantile,0.025,149.1831361928349
2026-01-21,ILI incidence,2026-01-25,2,FR,quantile,0.025,89.7472578274341
2026-01-21,ILI incidence,2026-02-01,3,FR,quantile,0.025,77.70074472660272
2026-01-21,ILI incidence,2026-02-08,4,FR,quantile,0.025,70.937038079565
2026-01-21,ILI incidence,2026-01-18,1,FR,quantile,0.05,150.983355260924
2026-01-21,ILI incidence,2026-01-25,2,FR,quantile,0.05,92.30157491819016
2026-01-21,ILI incidence,2026-02-01,3,FR,quantile,0.05,80.86047879043485
2026-01-21,ILI incidence,2026-02-08,4,FR,quantile,0.05,74.41228342278748
2026-01-21,ILI incidence,2026-01-18,1,FR,quantile,0.1,154.46816319434046
2026-01-21,ILI incidence,2026-01-25,2,FR,quantile,0.1,97.24614228785836
2026-01-21,ILI incidence,2026-02-01,3,FR,quantile,0.1,86.97699345707282
2026-01-21,ILI incidence,2026-02-08,4,FR,quantile,0.1,81.13955498506759
2026-01-21,ILI incidence,2026-01-18,1,FR,quantile,0.15,157.82370142028498
2026-01-21,ILI incidence,2026-01-25,2,FR,quantile,0.15,102.00728985658915
2026-01-21,ILI incidence,2026-02-01,3,FR,quantile,0.15,92.86661468315064
2026-01-21,ILI incidence,2026-02-08,4,FR,quantile,0.15,87.61727694703794
2026-01-21,ILI incidence,2026-01-18,1,FR,quantile,0.2,161.0748944282999
2026-01-21,ILI incidence,2026-01-25,2,FR,quantile,0.2,106.62038279229182
2026-01-21,ILI incidence,2026-02-01,3,FR,quantile,0.2,98.5730897881066
2026-01-21,ILI incidence,2026-02-08,4,FR,quantile,0.2,93.89356496181529
2026-01-21,ILI incidence,2026-01-18,1,FR,quantile,0.25,164.24245249248494
2026-01-21,ILI incidence,2026-01-25,2,FR,quantile,0.25,111.11480674476016
2026-01-21,ILI incidence,2026-02-01,3,FR,quantile,0.25,104.132769324884
2026-01-21,ILI incidence,2026-02-08,4,FR,quantile,0.25,100.00839932118606
2026-01-21,ILI incidence,2026-01-18,1,FR,quantile,0.3,167.34403629567143
2026-01-21,ILI incidence,2026-01-25,2,FR,quantile,0.3,115.51562032202156
2026-01-21,ILI incidence,2026-02-01,3,FR,quantile,0.3,109.57665122152504
2026-01-21,ILI incidence,2026-02-08,4,FR,quantile,0.3,105.99587321239392
2026-01-21,ILI incidence,2026-01-18,1,FR,quantile,0.35,170.39509657954534
2026-01-21,ILI incidence,2026-01-25,2,FR,quantile,0.35,119.84474646348534
2026-01-21,ILI incidence,2026-02-01,3,FR,quantile,0.35,114.9318545301951
2026-01-21,ILI incidence,2026-02-08,4,FR,quantile,0.35,111.88581362652302
2026-01-21,ILI incidence,2026-01-18,1,FR,quantile,0.4,173.40950360454113
2026-01-21,ILI incidence,2026-01-25,2,FR,quantile,0.4,124.12186557578032
2026-01-21,ILI incidence,2026-02-01,3,FR,quantile,0.4,120.22272425153642
2026-01-21,ILI incidence,2026-02-08,4,FR,quantile,0.4,117.70499650370112
2026-01-21,ILI incidence,2026-01-18,1,FR,quantile,0.45,176.40003983036223
2026-01-21,ILI incidence,2026-01-25,2,FR,quantile,0.45,128.36511459338365
2026-01-21,ILI incidence,2026-02-01,3,FR,quantile,0.45,125.4716960846595
2026-01-21,ILI incidence,2026-02-08,4,FR,quantile,0.45,123.47809783161593
2026-01-21,ILI incidence,2026-01-18,1,FR,quantile,0.5,179.37880522078603
2026-01-21,ILI incidence,2026-01-25,2,FR,quantile,0.5,132.59166206251396
2026-01-21,ILI incidence,2026-02-01,3,FR,quantile,0.5,130.70000781578509
2026-01-21,ILI incidence,2026-02-08,4,FR,quantile,0.5,129.2284760689773
2026-01-21,ILI incidence,2026-01-18,1,FR,quantile,0.55,182.35757061120984
2026-01-21,ILI incidence,2026-01-25,2,FR,quantile,0.55,136.81820953164427
2026-01-21,ILI incidence,2026-02-01,3,FR,quantile,0.55,135.92831954691067
2026-01-21,ILI incidence,2026-02-08,4,FR,quantile,0.55,134.97885430633866
2026-01-21,ILI incidence,2026-01-18,1,FR,quantile,0.6,185.3481068370309
2026-01-21,ILI incidence,2026-01-25,2,FR,quantile,0.6,141.0614585492476
2026-01-21,ILI incidence,2026-02-01,3,FR,quantile,0.6,141.17729138003375
2026-01-21,ILI incidence,2026-02-08,4,FR,quantile,0.6,140.7519556342535
2026-01-21,ILI incidence,2026-01-18,1,FR,quantile,0.65,188.3625138620268
2026-01-21,ILI incidence,2026-01-25,2,FR,quantile,0.65,145.3385776615426
2026-01-21,ILI incidence,2026-02-01,3,FR,quantile,0.65,146.46816110137507
2026-01-21,ILI incidence,2026-02-08,4,FR,quantile,0.65,146.5711385114316
2026-01-21,ILI incidence,2026-01-18,1,FR,quantile,0.7,191.41357414590064
2026-01-21,ILI incidence,2026-01-25,2,FR,quantile,0.7,149.66770380300636
2026-01-21,ILI incidence,2026-02-01,3,FR,quantile,0.7,151.82336441004512
2026-01-21,ILI incidence,2026-02-08,4,FR,quantile,0.7,152.46107892556066
2026-01-21,ILI incidence,2026-01-18,1,FR,quantile,0.75,194.51515794908715
2026-01-21,ILI incidence,2026-01-25,2,FR,quantile,0.75,154.06851738026776
2026-01-21,ILI incidence,2026-02-01,3,FR,quantile,0.75,157.26724630668616
2026-01-21,ILI incidence,2026-02-08,4,FR,quantile,0.75,158.44855281676854
2026-01-21,ILI incidence,2026-01-18,1,FR,quantile,0.8,197.68271601327217
2026-01-21,ILI incidence,2026-01-25,2,FR,quantile,0.8,158.5629413327361
2026-01-21,ILI incidence,2026-02-01,3,FR,quantile,0.8,162.82692584346358
2026-01-21,ILI incidence,2026-02-08,4,FR,quantile,0.8,164.56338717613932
2026-01-21,ILI incidence,2026-01-18,1,FR,quantile,0.85,200.9339090212871
2026-01-21,ILI incidence,2026-01-25,2,FR,quantile,0.85,163.17603426843874
2026-01-21,ILI incidence,2026-02-01,3,FR,quantile,0.85,168.53340094841954
2026-01-21,ILI incidence,2026-02-08,4,FR,quantile,0.85,170.8396751909167
2026-01-21,ILI incidence,2026-01-18,1,FR,quantile,0.9,204.2894472472316
2026-01-21,ILI incidence,2026-01-25,2,FR,quantile,0.9,167.93718183716956
2026-01-21,ILI incidence,2026-02-01,3,FR,quantile,0.9,174.42302217449736
2026-01-21,ILI incidence,2026-02-08,4,FR,quantile,0.9,177.317397152887
2026-01-21,ILI incidence,2026-01-18,1,FR,quantile,0.95,207.77425518064808
2026-01-21,ILI incidence,2026-01-25,2,FR,quantile,0.95,172.88174920683775
2026-01-21,ILI incidence,2026-02-01,3,FR,quantile,0.95,180.5395368411353
2026-01-21,ILI incidence,2026-02-08,4,FR,quantile,0.95,184.04466871516712
2026-01-21,ILI incidence,2026-01-18,1,FR,quantile,0.975,209.5744742487372
2026-01-21,ILI incidence,2026-01-25,2,FR,quantile,0.975,175.4360662975938
2026-01-21,ILI incidence,2026-02-01,3,FR,quantile,0.975,183.69927090496745
2026-01-21,ILI incidence,2026-02-08,4,FR,quantile,0.975,187.5199140583896
2026-01-21,ILI incidence,2026-01-18,1,FR,quantile,0.99,210.675628010923
2026-01-21,ILI incidence,2026-01-25,2,FR,quantile,0.99,176.99848496327718
2026-01-21,ILI incidence,2026-02-01,3,FR,quantile,0.99,185.63200959970231
2026-01-21,ILI incidence,2026-02-08,4,FR,quantile,0.99,189.64564394984671
2026-01-21,ILI incidence,2026-01-18,1,FR,median,,179.37880522078603
2026-01-21,ILI incidence,2026-01-25,2,FR,median,,132.59166206251396
2026-01-21,ILI incidence,2026-02-01,3,FR,median,,130.70000781578509
2026-01-21,ILI incidence,2026-02-08,4,FR,median,,129.2284760689773
2026-01-21,ILI incidence,2026-01-18,1,GR,quantile,0.01,1003.9840902229558
2026-01-21,ILI incidence,2026-01-25,2,GR,quantile,0.01,920.364461115844
2026-01-21,ILI incidence,2026-02-01,3,GR,quantile,0.01,852.9892680492858
2026-01-21,ILI incidence,2026-02-08,4,GR,quantile,0.01,797.5968122037852
2026-01-21,ILI incidence,2026-01-18,1,GR,quantile,0.025,1009.7472288060544
2026-01-21,ILI incidence,2026-01-25,2,GR,quantile,0.025,926.978165887824
2026-01-21,ILI incidence,2026-02-01,3,GR,quantile,0.025,860.1702534985222
2026-01-21,ILI incidence,2026-02-08,4,GR,quantile,0.025,805.1720078910546
2026-01-21,ILI incidence,2026-01-18,1,GR,quantile,0.05,1019.1690846136758
2026-01-21,ILI incidence,2026-01-25,2,GR,quantile,0.05,937.7905681608692
2026-01-21,ILI incidence,2026-02-01,3,GR,quantile,0.05,871.9100734740041
2026-01-21,ILI incidence,2026-02-08,4,GR,quantile,0.05,817.5563017009028
2026-01-21,ILI incidence,2026-01-18,1,GR,quantile,0.1,1037.4076192719915
2026-01-21,ILI incidence,2026-01-25,2,GR,quantile,0.1,958.72087930372
2026-01-21,ILI incidence,2026-02-01,3,GR,quantile,0.1,894.6356508843501
2026-01-21,ILI incidence,2026-02-08,4,GR,quantile,0.1,841.5294314623433
2026-01-21,ILI incidence,2026-01-18,1,GR,quantile,0.15,1054.9695915242737
2026-01-21,ILI incidence,2026-01-25,2,GR,quantile,0.15,978.874776006972
2026-01-21,ILI incidence,2026-02-01,3,GR,quantile,0.15,916.5182180628276
2026-01-21,ILI incidence,2026-02-08,4,GR,quantile,0.15,864.6132727663821
2026-01-21,ILI incidence,2026-01-18,1,GR,quantile,0.2,1071.985449353609
2026-01-21,ILI incidence,2026-01-25,2,GR,quantile,0.2,998.4019587221756
2026-01-21,ILI incidence,2026-02-01,3,GR,quantile,0.2,937.7203157942748
2026-01-21,ILI incidence,2026-02-08,4,GR,quantile,0.2,886.9792893015363
2026-01-21,ILI incidence,2026-01-18,1,GR,quantile,0.25,1088.5635846883813
2026-01-21,ILI incidence,2026-01-25,2,GR,quantile,0.25,1017.4268166521337
2026-01-21,ILI incidence,2026-02-01,3,GR,quantile,0.25,958.3770025801172
2026-01-21,ILI incidence,2026-02-08,4,GR,quantile,0.25,908.7699537945308
2026-01-21,ILI incidence,2026-01-18,1,GR,quantile,0.3,1104.796428727688
2026-01-21,ILI incidence,2026-01-25,2,GR,quantile,0.3,1036.055422669073
2026-01-21,ILI incidence,2026-02-01,3,GR,quantile,0.3,978.603449535226
2026-01-21,ILI incidence,2026-02-08,4,GR,quantile,0.3,930.106759839642
2026-01-21,ILI incidence,2026-01-18,1,GR,quantile,0.35,1120.7648464411686
2026-01-21,ILI incidence,2026-01-25,2,GR,quantile,0.35,1054.3805763869334
2026-01-21,ILI incidence,2026-02-01,3,GR,quantile,0.35,998.5004160222228
2026-01-21,ILI incidence,2026-02-08,4,GR,quantile,0.35,951.0959981256034
2026-01-21,ILI incidence,2026-01-18,1,GR,quantile,0.4,1136.54143099048
2026-01-21,ILI incidence,2026-01-25,2,GR,quantile,0.4,1072.4855847976844
2026-01-21,ILI incidence,2026-02-01,3,GR,quantile,0.4,1018.158354566248
2026-01-21,ILI incidence,2026-02-08,4,GR,quantile,0.4,971.8330866954096
2026-01-21,ILI incidence,2026-01-18,1,GR,quantile,0.45,1152.193082284821
2026-01-21,ILI incidence,2026-01-25,2,GR,quantile,0.45,1090.4472213889549
2026-01-21,ILI incidence,2026-02-01,3,GR,quantile,0.45,1037.6606237864953
2026-01-21,ILI incidence,2026-02-08,4,GR,quantile,0.45,992.4059602562234
2026-01-21,ILI incidence,2026-01-18,1,GR,quantile,0.5,1167.783128235782
2026-01-21,ILI incidence,2026-01-25,2,GR,quantile,0.5,1108.338160469205
2026-01-21,ILI incidence,2026-02-01,3,GR,quantile,0.5,1057.0861315220018
2026-01-21,ILI incidence,2026-02-08,4,GR,quantile,0.5,1012.8978584032492
2026-01-21,ILI incidence,2026-01-18,1,GR,quantile,0.55,1183.373174186743
2026-01-21,ILI incidence,2026-01-25,2,GR,quantile,0.55,1126.229099549455
2026-01-21,ILI incidence,2026-02-01,3,GR,quantile,0.55,1076.5116392575085
2026-01-21,ILI incidence,2026-02-08,4,GR,quantile,0.55,1033.3897565502748
2026-01-21,ILI incidence,2026-01-18,1,GR,quantile,0.6,1199.024825481084
2026-01-21,ILI incidence,2026-01-25,2,GR,quantile,0.6,1144.1907361407254
2026-01-21,ILI incidence,2026-02-01,3,GR,quantile,0.6,1096.0139084777554
2026-01-21,ILI incidence,2026-02-08,4,GR,quantile,0.6,1053.9626301110884
2026-01-21,ILI incidence,2026-01-18,1,GR,quantile,0.65,1214.8014100303951
2026-01-21,ILI incidence,2026-01-25,2,GR,quantile,0.65,1162.2957445514764
2026-01-21,ILI incidence,2026-02-01,3,GR,quantile,0.65,1115.6718470217806
2026-01-21,ILI incidence,2026-02-08,4,GR,quantile,0.65,1074.6997186808949
2026-01-21,ILI incidence,2026-01-18,1,GR,quantile,0.7,1230.769827743876
2026-01-21,ILI incidence,2026-01-25,2,GR,quantile,0.7,1180.6208982693367
2026-01-21,ILI incidence,2026-02-01,3,GR,quantile,0.7,1135.5688135087776
2026-01-21,ILI incidence,2026-02-08,4,GR,quantile,0.7,1095.688956966856
2026-01-21,ILI incidence,2026-01-18,1,GR,quantile,0.75,1247.002671783183
2026-01-21,ILI incidence,2026-01-25,2,GR,quantile,0.75,1199.2495042862763
2026-01-21,ILI incidence,2026-02-01,3,GR,quantile,0.75,1155.7952604638865
2026-01-21,ILI incidence,2026-02-08,4,GR,quantile,0.75,1117.0257630119672
2026-01-21,ILI incidence,2026-01-18,1,GR,quantile,0.8,1263.580807117955
2026-01-21,ILI incidence,2026-01-25,2,GR,quantile,0.8,1218.2743622162343
2026-01-21,ILI incidence,2026-02-01,3,GR,quantile,0.8,1176.4519472497286
2026-01-21,ILI incidence,2026-02-08,4,GR,quantile,0.8,1138.816427504962
2026-01-21,ILI incidence,2026-01-18,1,GR,quantile,0.85,1280.5966649472905
2026-01-21,ILI incidence,2026-01-25,2,GR,quantile,0.85,1237.8015449314378
2026-01-21,ILI incidence,2026-02-01,3,GR,quantile,0.85,1197.654044981176
2026-01-21,ILI incidence,2026-02-08,4,GR,quantile,0.85,1161.182444040116
2026-01-21,ILI incidence,2026-01-18,1,GR,quantile,0.9,1298.1586371995725
2026-01-21,ILI incidence,2026-01-25,2,GR,quantile,0.9,1257.9554416346898
2026-01-21,ILI incidence,2026-02-01,3,GR,quantile,0.9,1219.5366121596535
2026-01-21,ILI incidence,2026-02-08,4,GR,quantile,0.9,1184.266285344155
2026-01-21,ILI incidence,2026-01-18,1,GR,quantile,0.95,1316.3971718578882
2026-01-21,ILI incidence,2026-01-25,2,GR,quantile,0.95,1278.8857527775408
2026-01-21,ILI incidence,2026-02-01,3,GR,quantile,0.95,1242.2621895699997
2026-01-21,ILI incidence,2026-02-08,4,GR,quantile,0.95,1208.2394151055953
2026-01-21,ILI incidence,2026-01-18,1,GR,quantile,0.975,1325.8190276655096
2026-01-21,ILI incidence,2026-01-25,2,GR,quantile,0.975,1289.698155050586
2026-01-21,ILI incidence,2026-02-01,3,GR,quantile,0.975,1254.002009545481
2026-01-21,ILI incidence,2026-02-08,4,GR,quantile,0.975,1220.6237089154436
2026-01-21,ILI incidence,2026-01-18,1,GR,quantile,0.99,1331.582166248608
2026-01-21,ILI incidence,2026-01-25,2,GR,quantile,0.99,1296.3118598225658
2026-01-21,ILI incidence,2026-02-01,3,GR,quantile,0.99,1261.1829949947178
2026-01-21,ILI incidence,2026-02-08,4,GR,quantile,0.99,1228.198904602713
2026-01-21,ILI incidence,2026-01-18,1,GR,median,,1167.783128235782
2026-01-21,ILI incidence,2026-01-25,2,GR,median,,1108.338160469205
2026-01-21,ILI incidence,2026-02-01,3,GR,median,,1057.0861315220018
2026-01-21,ILI incidence,2026-02-08,4,GR,median,,1012.8978584032492
2026-01-21,ILI incidence,2026-01-18,1,HU,quantile,0.01,401.9484399318571
2026-01-21,ILI incidence,2026-01-25,2,HU,quantile,0.01,353.4002676342038
2026-01-21,ILI incidence,2026-02-01,3,HU,quantile,0.01,303.49413608457303
2026-01-21,ILI incidence,2026-02-08,4,HU,quantile,0.01,256.2948848629697
2026-01-21,ILI incidence,2026-01-18,1,HU,quantile,0.025,403.9571332020749
2026-01-21,ILI incidence,2026-01-25,2,HU,quantile,0.025,356.1708629646491
2026-01-21,ILI incidence,2026-02-01,3,HU,quantile,0.025,306.8913170386388
2026-01-21,ILI incidence,2026-02-08,4,HU,quantile,0.025,260.19105553967864
2026-01-21,ILI incidence,2026-01-18,1,HU,quantile,0.05,407.2410414546432
2026-01-21,ILI incidence,2026-01-25,2,HU,quantile,0.05,360.70036530583513
2026-01-21,ILI incidence,2026-02-01,3,HU,quantile,0.05,312.44519165749193
2026-01-21,ILI incidence,2026-02-08,4,HU,quantile,0.05,266.56070252777806
2026-01-21,ILI incidence,2026-01-18,1,HU,quantile,0.1,413.59792864355
2026-01-21,ILI incidence,2026-01-25,2,HU,quantile,0.1,369.4684346884954
2026-01-21,ILI incidence,2026-02-01,3,HU,quantile,0.1,323.196208950917
2026-01-21,ILI incidence,2026-02-08,4,HU,quantile,0.1,278.89086653429115
2026-01-21,ILI incidence,2026-01-18,1,HU,quantile,0.15,419.7190057209548
2026-01-21,ILI incidence,2026-01-25,2,HU,quantile,0.15,377.9112506322728
2026-01-21,ILI incidence,2026-02-01,3,HU,quantile,0.15,333.54841492185284
2026-01-21,ILI incidence,2026-02-08,4,HU,quantile,0.15,290.76364042787475
2026-01-21,ILI incidence,2026-01-18,1,HU,quantile,0.2,425.6497392294301
2026-01-21,ILI incidence,2026-01-25,2,HU,quantile,0.2,386.0915252457856
2026-01-21,ILI incidence,2026-02-01,3,HU,quantile,0.2,343.5787043728881
2026-01-21,ILI incidence,2026-02-08,4,HU,quantile,0.2,302.2672135864537
2026-01-21,ILI incidence,2026-01-18,1,HU,quantile,0.25,431.42790825999566
2026-01-21,ILI incidence,2026-01-25,2,HU,quantile,0.25,394.0613673177274
2026-01-21,ILI incidence,2026-02-01,3,HU,quantile,0.25,353.35097078660544
2026-01-21,ILI incidence,2026-02-08,4,HU,quantile,0.25,313.4748643889656
2026-01-21,ILI incidence,2026-01-18,1,HU,quantile,0.3,437.0857289263036
2026-01-21,ILI incidence,2026-01-25,2,HU,quantile,0.3,401.8652126090842
2026-01-21,ILI incidence,2026-02-01,3,HU,quantile,0.3,362.9196993197657
2026-01-21,ILI incidence,2026-02-08,4,HU,quantile,0.3,324.44908096099374
2026-01-21,ILI incidence,2026-01-18,1,HU,quantile,0.35,442.6513860304314
2026-01-21,ILI incidence,2026-01-25,2,HU,quantile,0.35,409.54193648334905
2026-01-21,ILI incidence,2026-02-01,3,HU,quantile,0.35,372.3325572166577
2026-01-21,ILI incidence,2026-02-08,4,HU,quantile,0.35,335.244532077016
2026-01-21,ILI incidence,2026-01-18,1,HU,quantile,0.4,448.1501813056591
2026-01-21,ILI incidence,2026-01-25,2,HU,quantile,0.4,417.1264376804722
2026-01-21,ILI incidence,2026-02-01,3,HU,quantile,0.4,381.6323357623807
2026-01-21,ILI incidence,2026-02-08,4,HU,quantile,0.4,345.91029435452094
2026-01-21,ILI incidence,2026-01-18,1,HU,quantile,0.45,453.6054321502146
2026-01-21,ILI incidence,2026-01-25,2,HU,quantile,0.45,424.6508779424213
2026-01-21,ILI incidence,2026-02-01,3,HU,quantile,0.45,390.85847025665566
2026-01-21,ILI incidence,2026-02-08,4,HU,quantile,0.45,356.49159548684537
2026-01-21,ILI incidence,2026-01-18,1,HU,quantile,0.5,459.0392109727335
2026-01-21,ILI incidence,2026-01-25,2,HU,quantile,0.5,432.14570179410407
2026-01-21,ILI incidence,2026-02-01,3,HU,quantile,0.5,400.0482904239054
2026-01-21,ILI incidence,2026-02-08,4,HU,quantile,0.5,367.0312483178243
2026-01-21,ILI incidence,2026-01-18,1,HU,quantile,0.55,464.4729897952524
2026-01-21,ILI incidence,2026-01-25,2,HU,quantile,0.55,439.64052564578685
2026-01-21,ILI incidence,2026-02-01,3,HU,quantile,0.55,409.2381105911552
2026-01-21,ILI incidence,2026-02-08,4,HU,quantile,0.55,377.5709011488032
2026-01-21,ILI incidence,2026-01-18,1,HU,quantile,0.6,469.9282406398079
2026-01-21,ILI incidence,2026-01-25,2,HU,quantile,0.6,447.1649659077359
2026-01-21,ILI incidence,2026-02-01,3,HU,quantile,0.6,418.4642450854302
2026-01-21,ILI incidence,2026-02-08,4,HU,quantile,0.6,388.1522022811277
2026-01-21,ILI incidence,2026-01-18,1,HU,quantile,0.65,475.4270359150356
2026-01-21,ILI incidence,2026-01-25,2,HU,quantile,0.65,454.7494671048591
2026-01-21,ILI incidence,2026-02-01,3,HU,quantile,0.65,427.7640236311532
2026-01-21,ILI incidence,2026-02-08,4,HU,quantile,0.65,398.8179645586326
2026-01-21,ILI incidence,2026-01-18,1,HU,quantile,0.7,480.9926930191634
2026-01-21,ILI incidence,2026-01-25,2,HU,quantile,0.7,462.42619097912393
2026-01-21,ILI incidence,2026-02-01,3,HU,quantile,0.7,437.1768815280452
2026-01-21,ILI incidence,2026-02-08,4,HU,quantile,0.7,409.6134156746549
2026-01-21,ILI incidence,2026-01-18,1,HU,quantile,0.75,486.6505136854713
2026-01-21,ILI incidence,2026-01-25,2,HU,quantile,0.75,470.2300362704807
2026-01-21,ILI incidence,2026-02-01,3,HU,quantile,0.75,446.7456100612054
2026-01-21,ILI incidence,2026-02-08,4,HU,quantile,0.75,420.58763224668303
2026-01-21,ILI incidence,2026-01-18,1,HU,quantile,0.8,492.42868271603686
2026-01-21,ILI incidence,2026-01-25,2,HU,quantile,0.8,478.19987834242255
2026-01-21,ILI incidence,2026-02-01,3,HU,quantile,0.8,456.51787647492273
2026-01-21,ILI incidence,2026-02-08,4,HU,quantile,0.8,431.7952830491949
2026-01-21,ILI incidence,2026-01-18,1,HU,quantile,0.85,498.3594162245122
2026-01-21,ILI incidence,2026-01-25,2,HU,quantile,0.85,486.3801529559354
2026-01-21,ILI incidence,2026-02-01,3,HU,quantile,0.85,466.548165925958
2026-01-21,ILI incidence,2026-02-08,4,HU,quantile,0.85,443.2988562077738
2026-01-21,ILI incidence,2026-01-18,1,HU,quantile,0.9,504.48049330191697
2026-01-21,ILI incidence,2026-01-25,2,HU,quantile,0.9,494.8229688997128
2026-01-21,ILI incidence,2026-02-01,3,HU,quantile,0.9,476.9003718968938
2026-01-21,ILI incidence,2026-02-08,4,HU,quantile,0.9,455.17163010135744
2026-01-21,ILI incidence,2026-01-18,1,HU,quantile,0.95,510.83738049082376
2026-01-21,ILI incidence,2026-01-25,2,HU,quantile,0.95,503.591038282373
2026-01-21,ILI incidence,2026-02-01,3,HU,quantile,0.95,487.6513891903189
2026-01-21,ILI incidence,2026-02-08,4,HU,quantile,0.95,467.5017941078705
2026-01-21,ILI incidence,2026-01-18,1,HU,quantile,0.975,514.121288743392
2026-01-21,ILI incidence,2026-01-25,2,HU,quantile,0.975,508.1205406235591
2026-01-21,ILI incidence,2026-02-01,3,HU,quantile,0.975,493.2052638091721
2026-01-21,ILI incidence,2026-02-08,4,HU,quantile,0.975,473.87144109596994
2026-01-21,ILI incidence,2026-01-18,1,HU,quantile,0.99,516.1299820136098
2026-01-21,ILI incidence,2026-01-25,2,HU,quantile,0.99,510.8911359540044
2026-01-21,ILI incidence,2026-02-01,3,HU,quantile,0.99,496.6024447632378
2026-01-21,ILI incidence,2026-02-08,4,HU,quantile,0.99,477.7676117726788
2026-01-21,ILI incidence,2026-01-18,1,HU,median,,459.0392109727335
2026-01-21,ILI incidence,2026-01-25,2,HU,median,,432.14570179410407
2026-01-21,ILI incidence,2026-02-01,3,HU,median,,400.0482904239054
2026-01-21,ILI incidence,2026-02-08,4,HU,median,,367.0312483178243
2026-01-21,ILI incidence,2026-01-18,1,IS,quantile,0.01,12.287494654978222
2026-01-21,ILI incidence,2026-01-25,2,IS,quantile,0.01,12.751369437560967
2026-01-21,ILI incidence,2026-02-01,3,IS,quantile,0.01,7.988892312037088
2026-01-21,ILI incidence,2026-02-08,4,IS,quantile,0.01,7.45331975664889
2026-01-21,ILI incidence,2026-01-18,1,IS,quantile,0.025,12.38293744903012
2026-01-21,ILI incidence,2026-01-25,2,IS,quantile,0.025,12.871120335340368
2026-01-21,ILI incidence,2026-02-01,3,IS,quantile,0.025,8.139837706013402
2026-01-21,ILI incidence,2026-02-08,4,IS,quantile,0.025,7.624201274764905
2026-01-21,ILI incidence,2026-01-18,1,IS,quantile,0.05,12.53897191366553
2026-01-21,ILI incidence,2026-01-25,2,IS,quantile,0.05,13.066894855671972
2026-01-21,ILI incidence,2026-02-01,3,IS,quantile,0.05,8.386610487261493
2026-01-21,ILI incidence,2026-02-08,4,IS,quantile,0.05,7.903566589456136
2026-01-21,ILI incidence,2026-01-18,1,IS,quantile,0.1,12.841018564479562
2026-01-21,ILI incidence,2026-01-25,2,IS,quantile,0.1,13.445869067036456
2026-01-21,ILI incidence,2026-02-01,3,IS,quantile,0.1,8.864305541762501
2026-01-21,ILI incidence,2026-02-08,4,IS,quantile,0.1,8.444353253820692
2026-01-21,ILI incidence,2026-01-18,1,IS,quantile,0.15,13.131860729152706
2026-01-21,ILI incidence,2026-01-25,2,IS,quantile,0.15,13.810785147686554
2026-01-21,ILI incidence,2026-02-01,3,IS,quantile,0.15,9.324280394422829
2026-01-21,ILI incidence,2026-02-08,4,IS,quantile,0.15,8.965079319368083
2026-01-21,ILI incidence,2026-01-18,1,IS,quantile,0.2,13.413658744418974
2026-01-21,ILI incidence,2026-01-25,2,IS,quantile,0.2,14.164353645505663
2026-01-21,ILI incidence,2026-02-01,3,IS,quantile,0.2,9.769951676981684
2026-01-21,ILI incidence,2026-02-08,4,IS,quantile,0.2,9.46961266972867
2026-01-21,ILI incidence,2026-01-18,1,IS,quantile,0.25,13.68820767877246
2026-01-21,ILI incidence,2026-01-25,2,IS,quantile,0.25,14.508826810816917
2026-01-21,ILI incidence,2026-02-01,3,IS,quantile,0.25,10.204158339448307
2026-01-21,ILI incidence,2026-02-08,4,IS,quantile,0.25,9.96116720944538
2026-01-21,ILI incidence,2026-01-18,1,IS,quantile,0.3,13.957038276576188
2026-01-21,ILI incidence,2026-01-25,2,IS,quantile,0.3,14.846125249712829
2026-01-21,ILI incidence,2026-02-01,3,IS,quantile,0.3,10.629321295976034
2026-01-21,ILI incidence,2026-02-08,4,IS,quantile,0.3,10.442483595088463
2026-01-21,ILI incidence,2026-01-18,1,IS,quantile,0.35,14.221489734958954
2026-01-21,ILI incidence,2026-01-25,2,IS,quantile,0.35,15.177929236331114
2026-01-21,ILI incidence,2026-02-01,3,IS,quantile,0.35,11.047558523518765
2026-01-21,ILI incidence,2026-02-08,4,IS,quantile,0.35,10.91595953557559
2026-01-21,ILI incidence,2026-01-18,1,IS,quantile,0.4,14.482764262418383
2026-01-21,ILI incidence,2026-01-25,2,IS,quantile,0.4,15.50574716686175
2026-01-21,ILI incidence,2026-02-01,3,IS,quantile,0.4,11.460771347756642
2026-01-21,ILI incidence,2026-02-08,4,IS,quantile,0.4,11.38374747431756
2026-01-21,ILI incidence,2026-01-18,1,IS,quantile,0.45,14.741969782035566
2026-01-21,ILI incidence,2026-01-25,2,IS,quantile,0.45,15.830969138744246
2026-01-21,ILI incidence,2026-02-01,3,IS,quantile,0.45,11.870711979400092
2026-01-21,ILI incidence,2026-02-08,4,IS,quantile,0.45,11.847831045384742
2026-01-21,ILI incidence,2026-01-18,1,IS,quantile,0.5,15.000155061376391
2026-01-21,ILI incidence,2026-01-25,2,IS,quantile,0.5,16.154911027722026
2026-01-21,ILI incidence,2026-02-01,3,IS,quantile,0.5,12.27903907309136
2026-01-21,ILI incidence,2026-02-08,4,IS,quantile,0.5,12.310087970354662
2026-01-21,ILI incidence,2026-01-18,1,IS,quantile,0.55,15.25834034071722
2026-01-21,ILI incidence,2026-01-25,2,IS,quantile,0.55,16.478852916699804
2026-01-21,ILI incidence,2026-02-01,3,IS,quantile,0.55,12.687366166782628
2026-01-21,ILI incidence,2026-02-08,4,IS,quantile,0.55,12.77234489532458
2026-01-21,ILI incidence,2026-01-18,1,IS,quantile,0.6,15.5175458603344
2026-01-21,ILI incidence,2026-01-25,2,IS,quantile,0.6,16.804074888582303
2026-01-21,ILI incidence,2026-02-01,3,IS,quantile,0.6,13.097306798426075
2026-01-21,ILI incidence,2026-02-08,4,IS,quantile,0.6,13.236428466391764
2026-01-21,ILI incidence,2026-01-18,1,IS,quantile,0.65,15.778820387793832
2026-01-21,ILI incidence,2026-01-25,2,IS,quantile,0.65,17.131892819112938
2026-01-21,ILI incidence,2026-02-01,3,IS,quantile,0.65,13.510519622663956
2026-01-21,ILI incidence,2026-02-08,4,IS,quantile,0.65,13.704216405133732
2026-01-21,ILI incidence,2026-01-18,1,IS,quantile,0.7,16.043271846176598
2026-01-21,ILI incidence,2026-01-25,2,IS,quantile,0.7,17.463696805731225
2026-01-21,ILI incidence,2026-02-01,3,IS,quantile,0.7,13.928756850206684
2026-01-21,ILI incidence,2026-02-08,4,IS,quantile,0.7,14.17769234562086
2026-01-21,ILI incidence,2026-01-18,1,IS,quantile,0.75,16.31210244398033
2026-01-21,ILI incidence,2026-01-25,2,IS,quantile,0.75,17.800995244627135
2026-01-21,ILI incidence,2026-02-01,3,IS,quantile,0.75,14.353919806734412
2026-01-21,ILI incidence,2026-02-08,4,IS,quantile,0.75,14.659008731263944
2026-01-21,ILI incidence,2026-01-18,1,IS,quantile,0.8,16.586651378333812
2026-01-21,ILI incidence,2026-01-25,2,IS,quantile,0.8,18.14546840993839
2026-01-21,ILI incidence,2026-02-01,3,IS,quantile,0.8,14.788126469201035
2026-01-21,ILI incidence,2026-02-08,4,IS,quantile,0.8,15.150563270980651
2026-01-21,ILI incidence,2026-01-18,1,IS,quantile,0.85,16.86844939360008
2026-01-21,ILI incidence,2026-01-25,2,IS,quantile,0.85,18.4990369077575
2026-01-21,ILI incidence,2026-02-01,3,IS,quantile,0.85,15.23379775175989
2026-01-21,ILI incidence,2026-02-08,4,IS,quantile,0.85,15.65509662134124
2026-01-21,ILI incidence,2026-01-18,1,IS,quantile,0.9,17.159291558273225
2026-01-21,ILI incidence,2026-01-25,2,IS,quantile,0.9,18.8639529884076
2026-01-21,ILI incidence,2026-02-01,3,IS,quantile,0.9,15.693772604420218
2026-01-21,ILI incidence,2026-02-08,4,IS,quantile,0.9,16.17582268688863
2026-01-21,ILI incidence,2026-01-18,1,IS,quantile,0.95,17.461338209087256
2026-01-21,ILI incidence,2026-01-25,2,IS,quantile,0.95,19.24292719977208
2026-01-21,ILI incidence,2026-02-01,3,IS,quantile,0.95,16.171467658921227
2026-01-21,ILI incidence,2026-02-08,4,IS,quantile,0.95,16.716609351253187
2026-01-21,ILI incidence,2026-01-18,1,IS,quantile,0.975,17.617372673722667
2026-01-21,ILI incidence,2026-01-25,2,IS,quantile,0.975,19.438701720103683
2026-01-21,ILI incidence,2026-02-01,3,IS,quantile,0.975,16.418240440169317
2026-01-21,ILI incidence,2026-02-08,4,IS,quantile,0.975,16.995974665944416
2026-01-21,ILI incidence,2026-01-18,1,IS,quantile,0.99,17.712815467774565
2026-01-21,ILI incidence,2026-01-25,2,IS,quantile,0.99,19.558452617883084
2026-01-21,ILI incidence,2026-02-01,3,IS,quantile,0.99,16.56918583414563
2026-01-21,ILI incidence,2026-02-08,4,IS,quantile,0.99,17.166856184060435
2026-01-21,ILI incidence,2026-01-18,1,IS,median,,15.000155061376391
2026-01-21,ILI incidence,2026-01-25,2,IS,median,,16.154911027722026
2026-01-21,ILI incidence,2026-02-01,3,IS,median,,12.27903907309136
2026-01-21,ILI incidence,2026-02-08,4,IS,median,,12.310087970354662
2026-01-21,ILI incidence,2026-01-18,1,LT,quantile,0.01,183.5022455773844
2026-01-21,ILI incidence,2026-01-25,2,LT,quantile,0.01,146.82683197162336
2026-01-21,ILI incidence,2026-02-01,3,LT,quantile,0.01,119.39259622269834
2026-01-21,ILI incidence,2026-02-08,4,LT,quantile,0.01,97.6936007286962
2026-01-21,ILI incidence,2026-01-18,1,LT,quantile,0.025,184.73208019115108
2026-01-21,ILI incidence,2026-01-25,2,LT,quantile,0.025,148.53328378262125
2026-01-21,ILI incidence,2026-02-01,3,LT,quantile,0.025,121.3729859749002
2026-01-21,ILI incidence,2026-02-08,4,LT,quantile,0.025,99.85017333048646
2026-01-21,ILI incidence,2026-01-18,1,LT,quantile,0.05,186.74267289702723
2026-01-21,ILI incidence,2026-01-25,2,LT,quantile,0.05,151.32307317845974
2026-01-21,ILI incidence,2026-02-01,3,LT,quantile,0.05,124.6106222765601
2026-01-21,ILI incidence,2026-02-08,4,LT,quantile,0.05,103.37584181819608
2026-01-21,ILI incidence,2026-01-18,1,LT,quantile,0.1,190.63471555811492
2026-01-21,ILI incidence,2026-01-25,2,LT,quantile,0.1,156.72346049326504
2026-01-21,ILI incidence,2026-02-01,3,LT,quantile,0.1,130.87793766585747
2026-01-21,ILI incidence,2026-02-08,4,LT,quantile,0.1,110.2007209311634
2026-01-21,ILI incidence,2026-01-18,1,LT,quantile,0.15,194.3823820510236
2026-01-21,ILI incidence,2026-01-25,2,LT,quantile,0.15,161.92351926722714
2026-01-21,ILI incidence,2026-02-01,3,LT,quantile,0.15,136.91276562902152
2026-01-21,ILI incidence,2026-02-08,4,LT,quantile,0.15,116.77242967051995
2026-01-21,ILI incidence,2026-01-18,1,LT,quantile,0.2,198.01350954166224
2026-01-21,ILI incidence,2026-01-25,2,LT,quantile,0.2,166.96187484203614
2026-01-21,ILI incidence,2026-02-01,3,LT,quantile,0.2,142.7599320617297
2026-01-21,ILI incidence,2026-02-08,4,LT,quantile,0.2,123.13978181060553
2026-01-21,ILI incidence,2026-01-18,1,LT,quantile,0.25,201.5512285071933
2026-01-21,ILI incidence,2026-01-25,2,LT,quantile,0.25,171.87062181334008
2026-01-21,ILI incidence,2026-02-01,3,LT,quantile,0.25,148.45668372824034
2026-01-21,ILI incidence,2026-02-08,4,LT,quantile,0.25,129.34333772657627
2026-01-21,ILI incidence,2026-01-18,1,LT,quantile,0.3,205.01526345821168
2026-01-21,ILI incidence,2026-01-25,2,LT,quantile,0.3,176.6771288422978
2026-01-21,ILI incidence,2026-02-01,3,LT,quantile,0.3,154.03478280064715
2026-01-21,ILI incidence,2026-02-08,4,LT,quantile,0.3,135.41768527167395
2026-01-21,ILI incidence,2026-01-18,1,LT,quantile,0.35,208.4228707103984
2026-01-21,ILI incidence,2026-01-25,2,LT,quantile,0.35,181.40533985666644
2026-01-21,ILI incidence,2026-02-01,3,LT,quantile,0.35,159.5220169427165
2026-01-21,ILI incidence,2026-02-08,4,LT,quantile,0.35,141.39308420374667
2026-01-21,ILI incidence,2026-01-18,1,LT,quantile,0.4,211.7895414031112
2026-01-21,ILI incidence,2026-01-25,2,LT,quantile,0.4,186.0767495212696
2026-01-21,ILI incidence,2026-02-01,3,LT,quantile,0.4,164.9433313733343
2026-01-21,ILI incidence,2026-02-08,4,LT,quantile,0.4,147.29669896127683
2026-01-21,ILI incidence,2026-01-18,1,LT,quantile,0.45,215.1295517545606
2026-01-21,ILI incidence,2026-01-25,2,LT,quantile,0.45,190.7111667422372
2026-01-21,ILI incidence,2026-02-01,3,LT,quantile,0.45,170.32171493663296
2026-01-21,ILI incidence,2026-02-08,4,LT,quantile,0.45,153.15356356160754
2026-01-21,ILI incidence,2026-01-18,1,LT,quantile,0.5,218.45641573054309
2026-01-21,ILI incidence,2026-01-25,2,LT,quantile,0.5,195.3273427655897
2026-01-21,ILI incidence,2026-02-01,3,LT,quantile,0.5,175.67892902969396
2026-01-21,ILI incidence,2026-02-08,4,LT,quantile,0.5,158.987375376769
2026-01-21,ILI incidence,2026-01-18,1,LT,quantile,0.55,221.7832797065256
2026-01-21,ILI incidence,2026-01-25,2,LT,quantile,0.55,199.94351878894224
2026-01-21,ILI incidence,2026-02-01,3,LT,quantile,0.55,181.03614312275496
2026-01-21,ILI incidence,2026-02-08,4,LT,quantile,0.55,164.82118719193045
2026-01-21,ILI incidence,2026-01-18,1,LT,quantile,0.6,225.123290057975
2026-01-21,ILI incidence,2026-01-25,2,LT,quantile,0.6,204.5779360099099
2026-01-21,ILI incidence,2026-02-01,3,LT,quantile,0.6,186.4145266860536
2026-01-21,ILI incidence,2026-02-08,4,LT,quantile,0.6,170.67805179226116
2026-01-21,ILI incidence,2026-01-18,1,LT,quantile,0.65,228.48996075068777
2026-01-21,ILI incidence,2026-01-25,2,LT,quantile,0.65,209.249345674513
2026-01-21,ILI incidence,2026-02-01,3,LT,quantile,0.65,191.83584111667145
2026-01-21,ILI incidence,2026-02-08,4,LT,quantile,0.65,176.58166654979132
2026-01-21,ILI incidence,2026-01-18,1,LT,quantile,0.7,231.8975680028745
2026-01-21,ILI incidence,2026-01-25,2,LT,quantile,0.7,213.97755668888163
2026-01-21,ILI incidence,2026-02-01,3,LT,quantile,0.7,197.3230752587408
2026-01-21,ILI incidence,2026-02-08,4,LT,quantile,0.7,182.557065481864
2026-01-21,ILI incidence,2026-01-18,1,LT,quantile,0.75,235.36160295389288
2026-01-21,ILI incidence,2026-01-25,2,LT,quantile,0.75,218.78406371783936
2026-01-21,ILI incidence,2026-02-01,3,LT,quantile,0.75,202.9011743311476
2026-01-21,ILI incidence,2026-02-08,4,LT,quantile,0.75,188.63141302696167
2026-01-21,ILI incidence,2026-01-18,1,LT,quantile,0.8,238.89932191942395
2026-01-21,ILI incidence,2026-01-25,2,LT,quantile,0.8,223.6928106891433
2026-01-21,ILI incidence,2026-02-01,3,LT,quantile,0.8,208.59792599765825
2026-01-21,ILI incidence,2026-02-08,4,LT,quantile,0.8,194.83496894293248
2026-01-21,ILI incidence,2026-01-18,1,LT,quantile,0.85,242.53044941006263
2026-01-21,ILI incidence,2026-01-25,2,LT,quantile,0.85,228.7311662639523
2026-01-21,ILI incidence,2026-02-01,3,LT,quantile,0.85,214.4450924303664
2026-01-21,ILI incidence,2026-02-08,4,LT,quantile,0.85,201.20232108301803
2026-01-21,ILI incidence,2026-01-18,1,LT,quantile,0.9,246.2781159029712
2026-01-21,ILI incidence,2026-01-25,2,LT,quantile,0.9,233.9312250379144
2026-01-21,ILI incidence,2026-02-01,3,LT,quantile,0.9,220.47992039353045
2026-01-21,ILI incidence,2026-02-08,4,LT,quantile,0.9,207.7740298223746
2026-01-21,ILI incidence,2026-01-18,1,LT,quantile,0.95,250.1701585640589
2026-01-21,ILI incidence,2026-01-25,2,LT,quantile,0.95,239.3316123527197
2026-01-21,ILI incidence,2026-02-01,3,LT,quantile,0.95,226.74723578282783
2026-01-21,ILI incidence,2026-02-08,4,LT,quantile,0.95,214.5989089353419
2026-01-21,ILI incidence,2026-01-18,1,LT,quantile,0.975,252.1807512699351
2026-01-21,ILI incidence,2026-01-25,2,LT,quantile,0.975,242.12140174855816
2026-01-21,ILI incidence,2026-02-01,3,LT,quantile,0.975,229.98487208448773
2026-01-21,ILI incidence,2026-02-08,4,LT,quantile,0.975,218.1245774230516
2026-01-21,ILI incidence,2026-01-18,1,LT,quantile,0.99,253.4105858837018
2026-01-21,ILI incidence,2026-01-25,2,LT,quantile,0.99,243.82785355955608
2026-01-21,ILI incidence,2026-02-01,3,LT,quantile,0.99,231.9652618366896
2026-01-21,ILI incidence,2026-02-08,4,LT,quantile,0.99,220.2811500248418
2026-01-21,ILI incidence,2026-01-18,1,LT,median,,218.45641573054309
2026-01-21,ILI incidence,2026-01-25,2,LT,median,,195.3273427655897
2026-01-21,ILI incidence,2026-02-01,3,LT,median,,175.67892902969396
2026-01-21,ILI incidence,2026-02-08,4,LT,median,,158.987375376769
2026-01-21,ILI incidence,2026-01-18,1,LU,quantile,0.01,1383.076408260284
2026-01-21,ILI incidence,2026-01-25,2,LU,quantile,0.01,1573.6890751739822
2026-01-21,ILI incidence,2026-02-01,3,LU,quantile,0.01,1350.0062617600574
2026-01-21,ILI incidence,2026-02-08,4,LU,quantile,0.01,1363.1784814539756
2026-01-21,ILI incidence,2026-01-18,1,LU,quantile,0.025,1444.1184403284483
2026-01-21,ILI incidence,2026-01-25,2,LU,quantile,0.025,1643.5707629830692
2026-01-21,ILI incidence,2026-02-01,3,LU,quantile,0.025,1424.5605700751948
2026-01-21,ILI incidence,2026-02-08,4,LU,quantile,0.025,1442.0141818653951
2026-01-21,ILI incidence,2026-01-18,1,LU,quantile,0.05,1543.9128867151974
2026-01-21,ILI incidence,2026-01-25,2,LU,quantile,0.05,1757.8167032180202
2026-01-21,ILI incidence,2026-02-01,3,LU,quantile,0.05,1546.4455347786625
2026-01-21,ILI incidence,2026-02-08,4,LU,quantile,0.05,1570.8985720391015
2026-01-21,ILI incidence,2026-01-18,1,LU,quantile,0.1,1737.0918640096593
2026-01-21,ILI incidence,2026-01-25,2,LU,quantile,0.1,1978.97043164396
2026-01-21,ILI incidence,2026-02-01,3,LU,quantile,0.1,1782.3866485530452
2026-01-21,ILI incidence,2026-02-08,4,LU,quantile,0.1,1820.388955366516
2026-01-21,ILI incidence,2026-01-18,1,LU,quantile,0.15,1923.1048251673
2026-01-21,ILI incidence,2026-01-25,2,LU,quantile,0.15,2191.92041446148
2026-01-21,ILI incidence,2026-02-01,3,LU,quantile,0.15,2009.5754754464929
2026-01-21,ILI incidence,2026-02-08,4,LU,quantile,0.15,2060.624438714929
2026-01-21,ILI incidence,2026-01-18,1,LU,quantile,0.2,2103.3334496067205
2026-01-21,ILI incidence,2026-01-25,2,LU,quantile,0.2,2398.2484156864803
2026-01-21,ILI incidence,2026-02-01,3,LU,quantile,0.2,2229.699543705968
2026-01-21,ILI incidence,2026-02-08,4,LU,quantile,0.2,2293.3894591520293
2026-01-21,ILI incidence,2026-01-18,1,LU,quantile,0.25,2278.925803346625
2026-01-21,ILI incidence,2026-01-25,2,LU,quantile,0.25,2599.268755769726
2026-01-21,ILI incidence,2026-02-01,3,LU,quantile,0.25,2444.161055470303
2026-01-21,ILI incidence,2026-02-08,4,LU,quantile,0.25,2520.1667423610315
2026-01-21,ILI incidence,2026-01-18,1,LU,quantile,0.3,2450.86089949559
2026-01-21,ILI incidence,2026-01-25,2,LU,quantile,0.3,2796.10222125938
2026-01-21,ILI incidence,2026-02-01,3,LU,quantile,0.3,2654.1557383827035
2026-01-21,ILI incidence,2026-02-08,4,LU,quantile,0.3,2742.220682424368
2026-01-21,ILI incidence,2026-01-18,1,LU,quantile,0.35,2619.995243931231
2026-01-21,ILI incidence,2026-01-25,2,LU,quantile,0.35,2989.72935088127
2026-01-21,ILI incidence,2026-02-01,3,LU,quantile,0.35,2860.729694630629
2026-01-21,ILI incidence,2026-02-08,4,LU,quantile,0.35,2960.657455504276
2026-01-21,ILI incidence,2026-01-18,1,LU,quantile,0.4,2787.097729165482
2026-01-21,ILI incidence,2026-01-25,2,LU,quantile,0.4,3181.03038247574
2026-01-21,ILI incidence,2026-02-01,3,LU,quantile,0.4,3064.8220189239664
2026-01-21,ILI incidence,2026-02-08,4,LU,quantile,0.4,3176.4700852217848
2026-01-21,ILI incidence,2026-01-18,1,LU,quantile,0.45,2952.87694589832
2026-01-21,ILI incidence,2026-01-25,2,LU,quantile,0.45,3370.8165196086325
2026-01-21,ILI incidence,2026-02-01,3,LU,quantile,0.45,3267.298155739666
2026-01-21,ILI incidence,2026-02-08,4,LU,quantile,0.45,3390.573715490769
2026-01-21,ILI incidence,2026-01-18,1,LU,quantile,0.5,3118.003650932551
2026-01-21,ILI incidence,2026-01-25,2,LU,quantile,0.5,3559.8556531233826
2026-01-21,ILI incidence,2026-02-01,3,LU,quantile,0.5,3468.9773407385787
2026-01-21,ILI incidence,2026-02-08,4,LU,quantile,0.5,3603.834627798976
2026-01-21,ILI incidence,2026-01-18,1,LU,quantile,0.55,3283.130355966782
2026-01-21,ILI incidence,2026-01-25,2,LU,quantile,0.55,3748.8947866381327
2026-01-21,ILI incidence,2026-02-01,3,LU,quantile,0.55,3670.6565257374914
2026-01-21,ILI incidence,2026-02-08,4,LU,quantile,0.55,3817.0955401071824
2026-01-21,ILI incidence,2026-01-18,1,LU,quantile,0.6,3448.90957269962
2026-01-21,ILI incidence,2026-01-25,2,LU,quantile,0.6,3938.680923771026
2026-01-21,ILI incidence,2026-02-01,3,LU,quantile,0.6,3873.132662553191
2026-01-21,ILI incidence,2026-02-08,4,LU,quantile,0.6,4031.199170376167
2026-01-21,ILI incidence,2026-01-18,1,LU,quantile,0.65,3616.012057933871
2026-01-21,ILI incidence,2026-01-25,2,LU,quantile,0.65,4129.981955365495
2026-01-21,ILI incidence,2026-02-01,3,LU,quantile,0.65,4077.224986846528
2026-01-21,ILI incidence,2026-02-08,4,LU,quantile,0.65,4247.011800093676
2026-01-21,ILI incidence,2026-01-18,1,LU,quantile,0.7,3785.146402369512
2026-01-21,ILI incidence,2026-01-25,2,LU,quantile,0.7,4323.609084987386
2026-01-21,ILI incidence,2026-02-01,3,LU,quantile,0.7,4283.798943094454
2026-01-21,ILI incidence,2026-02-08,4,LU,quantile,0.7,4465.448573173584
2026-01-21,ILI incidence,2026-01-18,1,LU,quantile,0.75,3957.081498518477
2026-01-21,ILI incidence,2026-01-25,2,LU,quantile,0.75,4520.442550477039
2026-01-21,ILI incidence,2026-02-01,3,LU,quantile,0.75,4493.793626006855
2026-01-21,ILI incidence,2026-02-08,4,LU,quantile,0.75,4687.50251323692
2026-01-21,ILI incidence,2026-01-18,1,LU,quantile,0.8,4132.673852258382
2026-01-21,ILI incidence,2026-01-25,2,LU,quantile,0.8,4721.462890560285
2026-01-21,ILI incidence,2026-02-01,3,LU,quantile,0.8,4708.25513777119
2026-01-21,ILI incidence,2026-02-08,4,LU,quantile,0.8,4914.279796445922
2026-01-21,ILI incidence,2026-01-18,1,LU,quantile,0.85,4312.902476697802
2026-01-21,ILI incidence,2026-01-25,2,LU,quantile,0.85,4927.790891785286
2026-01-21,ILI incidence,2026-02-01,3,LU,quantile,0.85,4928.379206030665
2026-01-21,ILI incidence,2026-02-08,4,LU,quantile,0.85,5147.044816883023
2026-01-21,ILI incidence,2026-01-18,1,LU,quantile,0.9,4498.915437855443
2026-01-21,ILI incidence,2026-01-25,2,LU,quantile,0.9,5140.740874602805
2026-01-21,ILI incidence,2026-02-01,3,LU,quantile,0.9,5155.568032924112
2026-01-21,ILI incidence,2026-02-08,4,LU,quantile,0.9,5387.280300231436
2026-01-21,ILI incidence,2026-01-18,1,LU,quantile,0.95,4692.094415149904
2026-01-21,ILI incidence,2026-01-25,2,LU,quantile,0.95,5361.894603028745
2026-01-21,ILI incidence,2026-02-01,3,LU,quantile,0.95,5391.509146698495
2026-01-21,ILI incidence,2026-02-08,4,LU,quantile,0.95,5636.77068355885
2026-01-21,ILI incidence,2026-01-18,1,LU,quantile,0.975,4791.888861536654
2026-01-21,ILI incidence,2026-01-25,2,LU,quantile,0.975,5476.140543263696
2026-01-21,ILI incidence,2026-02-01,3,LU,quantile,0.975,5513.394111401963
2026-01-21,ILI incidence,2026-02-08,4,LU,quantile,0.975,5765.655073732556
2026-01-21,ILI incidence,2026-01-18,1,LU,quantile,0.99,4852.930893604818
2026-01-21,ILI incidence,2026-01-25,2,LU,quantile,0.99,5546.022231072783
2026-01-21,ILI incidence,2026-02-01,3,LU,quantile,0.99,5587.9484197171005
2026-01-21,ILI incidence,2026-02-08,4,LU,quantile,0.99,5844.4907741439765
2026-01-21,ILI incidence,2026-01-18,1,LU,median,,3118.003650932551
2026-01-21,ILI incidence,2026-01-25,2,LU,median,,3559.8556531233826
2026-01-21,ILI incidence,2026-02-01,3,LU,median,,3468.9773407385787
2026-01-21,ILI incidence,2026-02-08,4,LU,median,,3603.834627798976
2026-01-21,ILI incidence,2026-01-18,1,LV,quantile,0.01,151.73585032374075
2026-01-21,ILI incidence,2026-01-25,2,LV,quantile,0.01,119.61868255252908
2026-01-21,ILI incidence,2026-02-01,3,LV,quantile,0.01,96.23982987762828
2026-01-21,ILI incidence,2026-02-08,4,LV,quantile,0.01,78.35574548825463
2026-01-21,ILI incidence,2026-01-18,1,LV,quantile,0.025,154.23589601151633
2026-01-21,ILI incidence,2026-01-25,2,LV,quantile,0.025,122.6939982730051
2026-01-21,ILI incidence,2026-02-01,3,LV,quantile,0.025,99.66827848939828
2026-01-21,ILI incidence,2026-02-08,4,LV,quantile,0.025,82.01619125084949
2026-01-21,ILI incidence,2026-01-18,1,LV,quantile,0.05,158.3230908000932
2026-01-21,ILI incidence,2026-01-25,2,LV,quantile,0.05,127.72167214609414
2026-01-21,ILI incidence,2026-02-01,3,LV,quantile,0.05,105.27327097711472
2026-01-21,ILI incidence,2026-02-08,4,LV,quantile,0.05,88.00046382550694
2026-01-21,ILI incidence,2026-01-18,1,LV,quantile,0.1,166.2349550154688
2026-01-21,ILI incidence,2026-01-25,2,LV,quantile,0.1,137.45408644507648
2026-01-21,ILI incidence,2026-02-01,3,LV,quantile,0.1,116.12324064700984
2026-01-21,ILI incidence,2026-02-08,4,LV,quantile,0.1,99.5846320601145
2026-01-21,ILI incidence,2026-01-18,1,LV,quantile,0.15,173.85332690867884
2026-01-21,ILI incidence,2026-01-25,2,LV,quantile,0.15,146.82547472097133
2026-01-21,ILI incidence,2026-02-01,3,LV,quantile,0.15,126.57072833451012
2026-01-21,ILI incidence,2026-02-08,4,LV,quantile,0.15,110.73908305704192
2026-01-21,ILI incidence,2026-01-18,1,LV,quantile,0.2,181.2347947281044
2026-01-21,ILI incidence,2026-01-25,2,LV,quantile,0.2,155.90544639359507
2026-01-21,ILI incidence,2026-02-01,3,LV,quantile,0.2,136.6933365820624
2026-01-21,ILI incidence,2026-02-08,4,LV,quantile,0.2,121.54667058772714
2026-01-21,ILI incidence,2026-01-18,1,LV,quantile,0.25,188.4263788202527
2026-01-21,ILI incidence,2026-01-25,2,LV,quantile,0.25,164.75184137023524
2026-01-21,ILI incidence,2026-02-01,3,LV,quantile,0.25,146.55554694794196
2026-01-21,ILI incidence,2026-02-08,4,LV,quantile,0.25,132.07623956527283
2026-01-21,ILI incidence,2026-01-18,1,LV,quantile,0.3,195.468175777872
2026-01-21,ILI incidence,2026-01-25,2,LV,quantile,0.3,173.4139826223158
2026-01-21,ILI incidence,2026-02-01,3,LV,quantile,0.3,156.21234607036
2026-01-21,ILI incidence,2026-02-08,4,LV,quantile,0.3,142.3864974780014
2026-01-21,ILI incidence,2026-01-18,1,LV,quantile,0.35,202.3952647710578
2026-01-21,ILI incidence,2026-01-25,2,LV,quantile,0.35,181.93502117054936
2026-01-21,ILI incidence,2026-02-01,3,LV,quantile,0.35,165.71183992298074
2026-01-21,ILI incidence,2026-02-08,4,LV,quantile,0.35,152.5288055470932
2026-01-21,ILI incidence,2026-01-18,1,LV,quantile,0.4,209.23913666509907
2026-01-21,ILI incidence,2026-01-25,2,LV,quantile,0.4,190.3536940482421
2026-01-21,ILI incidence,2026-02-01,3,LV,quantile,0.4,175.0972136419444
2026-01-21,ILI incidence,2026-02-08,4,LV,quantile,0.4,162.54927117169345
2026-01-21,ILI incidence,2026-01-18,1,LV,quantile,0.45,216.02881259615148
2026-01-21,ILI incidence,2026-01-25,2,LV,quantile,0.45,198.7057002654892
2026-01-21,ILI incidence,2026-02-01,3,LV,quantile,0.45,184.4082654895195
2026-01-21,ILI incidence,2026-02-08,4,LV,quantile,0.45,172.490385693215
2026-01-21,ILI incidence,2026-01-18,1,LV,quantile,0.5,222.7917641701821
2026-01-21,ILI incidence,2026-01-25,2,LV,quantile,0.5,207.0248327493998
2026-01-21,ILI incidence,2026-02-01,3,LV,quantile,0.5,193.6826687729584
2026-01-21,ILI incidence,2026-02-08,4,LV,quantile,0.5,182.39237170604704
2026-01-21,ILI incidence,2026-01-18,1,LV,quantile,0.55,229.5547157442128
2026-01-21,ILI incidence,2026-01-25,2,LV,quantile,0.55,215.34396523331048
2026-01-21,ILI incidence,2026-02-01,3,LV,quantile,0.55,202.9570720563973
2026-01-21,ILI incidence,2026-02-08,4,LV,quantile,0.55,192.29435771887904
2026-01-21,ILI incidence,2026-01-18,1,LV,quantile,0.6,236.34439167526523
2026-01-21,ILI incidence,2026-01-25,2,LV,quantile,0.6,223.6959714505575
2026-01-21,ILI incidence,2026-02-01,3,LV,quantile,0.6,212.2681239039724
2026-01-21,ILI incidence,2026-02-08,4,LV,quantile,0.6,202.23547224040053
2026-01-21,ILI incidence,2026-01-18,1,LV,quantile,0.65,243.18826356930649
2026-01-21,ILI incidence,2026-01-25,2,LV,quantile,0.65,232.11464432825025
2026-01-21,ILI incidence,2026-02-01,3,LV,quantile,0.65,221.653497622936
2026-01-21,ILI incidence,2026-02-08,4,LV,quantile,0.65,212.2559378650008
2026-01-21,ILI incidence,2026-01-18,1,LV,quantile,0.7,250.1153525624923
2026-01-21,ILI incidence,2026-01-25,2,LV,quantile,0.7,240.63568287648377
2026-01-21,ILI incidence,2026-02-01,3,LV,quantile,0.7,231.15299147555675
2026-01-21,ILI incidence,2026-02-08,4,LV,quantile,0.7,222.39824593409264
2026-01-21,ILI incidence,2026-01-18,1,LV,quantile,0.75,257.1571495201116
2026-01-21,ILI incidence,2026-01-25,2,LV,quantile,0.75,249.2978241285644
2026-01-21,ILI incidence,2026-02-01,3,LV,quantile,0.75,240.8097905979748
2026-01-21,ILI incidence,2026-02-08,4,LV,quantile,0.75,232.7085038468212
2026-01-21,ILI incidence,2026-01-18,1,LV,quantile,0.8,264.3487336122599
2026-01-21,ILI incidence,2026-01-25,2,LV,quantile,0.8,258.1442191052045
2026-01-21,ILI incidence,2026-02-01,3,LV,quantile,0.8,250.6720009638544
2026-01-21,ILI incidence,2026-02-08,4,LV,quantile,0.8,243.2380728243669
2026-01-21,ILI incidence,2026-01-18,1,LV,quantile,0.85,271.7302014316855
2026-01-21,ILI incidence,2026-01-25,2,LV,quantile,0.85,267.22419077782826
2026-01-21,ILI incidence,2026-02-01,3,LV,quantile,0.85,260.7946092114066
2026-01-21,ILI incidence,2026-02-08,4,LV,quantile,0.85,254.0456603550521
2026-01-21,ILI incidence,2026-01-18,1,LV,quantile,0.9,279.3485733248955
2026-01-21,ILI incidence,2026-01-25,2,LV,quantile,0.9,276.5955790537231
2026-01-21,ILI incidence,2026-02-01,3,LV,quantile,0.9,271.2420968989069
2026-01-21,ILI incidence,2026-02-08,4,LV,quantile,0.9,265.2001113519796
2026-01-21,ILI incidence,2026-01-18,1,LV,quantile,0.95,287.2604375402711
2026-01-21,ILI incidence,2026-01-25,2,LV,quantile,0.95,286.32799335270545
2026-01-21,ILI incidence,2026-02-01,3,LV,quantile,0.95,282.092066568802
2026-01-21,ILI incidence,2026-02-08,4,LV,quantile,0.95,276.7842795865871
2026-01-21,ILI incidence,2026-01-18,1,LV,quantile,0.975,291.347632328848
2026-01-21,ILI incidence,2026-01-25,2,LV,quantile,0.975,291.3556672257945
2026-01-21,ILI incidence,2026-02-01,3,LV,quantile,0.975,287.69705905651847
2026-01-21,ILI incidence,2026-02-08,4,LV,quantile,0.975,282.76855216124454
2026-01-21,ILI incidence,2026-01-18,1,LV,quantile,0.99,293.84767801662355
2026-01-21,ILI incidence,2026-01-25,2,LV,quantile,0.99,294.43098294627055
2026-01-21,ILI incidence,2026-02-01,3,LV,quantile,0.99,291.1255076682885
2026-01-21,ILI incidence,2026-02-08,4,LV,quantile,0.99,286.4289979238394
2026-01-21,ILI incidence,2026-01-18,1,LV,median,,222.7917641701821
2026-01-21,ILI incidence,2026-01-25,2,LV,median,,207.0248327493998
2026-01-21,ILI incidence,2026-02-01,3,LV,median,,193.6826687729584
2026-01-21,ILI incidence,2026-02-08,4,LV,median,,182.39237170604704
2026-01-21,ILI incidence,2026-01-18,1,MT,quantile,0.01,10190.785594889214
2026-01-21,ILI incidence,2026-01-25,2,MT,quantile,0.01,9680.960574111228
2026-01-21,ILI incidence,2026-02-01,3,MT,quantile,0.01,9221.07196678456
2026-01-21,ILI incidence,2026-02-08,4,MT,quantile,0.01,8803.234859668351
2026-01-21,ILI incidence,2026-01-18,1,MT,quantile,0.025,10236.796979332456
2026-01-21,ILI incidence,2026-01-25,2,MT,quantile,0.025,9731.256384265222
2026-01-21,ILI incidence,2026-02-01,3,MT,quantile,0.025,9274.816558270362
2026-01-21,ILI incidence,2026-02-08,4,MT,quantile,0.025,8859.80784126527
2026-01-21,ILI incidence,2026-01-18,1,MT,quantile,0.05,10312.018600933678
2026-01-21,ILI incidence,2026-01-25,2,MT,quantile,0.05,9813.48239083535
2026-01-21,ILI incidence,2026-02-01,3,MT,quantile,0.05,9362.68079823568
2026-01-21,ILI incidence,2026-02-08,4,MT,quantile,0.05,8952.29606925558
2026-01-21,ILI incidence,2026-01-18,1,MT,quantile,0.1,10457.630270294918
2026-01-21,ILI incidence,2026-01-25,2,MT,quantile,0.1,9972.652930192477
2026-01-21,ILI incidence,2026-02-01,3,MT,quantile,0.1,9532.765653974791
2026-01-21,ILI incidence,2026-02-08,4,MT,quantile,0.1,9131.331896817605
2026-01-21,ILI incidence,2026-01-18,1,MT,quantile,0.15,10597.840443142582
2026-01-21,ILI incidence,2026-01-25,2,MT,quantile,0.15,10125.91900380745
2026-01-21,ILI incidence,2026-02-01,3,MT,quantile,0.15,9696.541175034092
2026-01-21,ILI incidence,2026-02-08,4,MT,quantile,0.15,9303.72635145516
2026-01-21,ILI incidence,2026-01-18,1,MT,quantile,0.2,10733.690581904324
2026-01-21,ILI incidence,2026-01-25,2,MT,quantile,0.2,10274.419051594165
2026-01-21,ILI incidence,2026-02-01,3,MT,quantile,0.2,9855.223864098709
2026-01-21,ILI incidence,2026-02-08,4,MT,quantile,0.2,9470.759956140268
2026-01-21,ILI incidence,2026-01-18,1,MT,quantile,0.25,10866.046059261278
2026-01-21,ILI incidence,2026-01-25,2,MT,quantile,0.25,10419.099026833732
2026-01-21,ILI incidence,2026-02-01,3,MT,quantile,0.25,10009.824538421666
2026-01-21,ILI incidence,2026-02-08,4,MT,quantile,0.25,9633.496723907016
2026-01-21,ILI incidence,2026-01-18,1,MT,quantile,0.3,10995.64482162492
2026-01-21,ILI incidence,2026-01-25,2,MT,quantile,0.3,10560.76559103101
2026-01-21,ILI incidence,2026-02-01,3,MT,quantile,0.3,10161.205172249183
2026-01-21,ILI incidence,2026-02-08,4,MT,quantile,0.3,9792.843991695188
2026-01-21,ILI incidence,2026-01-18,1,MT,quantile,0.35,11123.132473669231
2026-01-21,ILI incidence,2026-01-25,2,MT,quantile,0.35,10700.124465400657
2026-01-21,ILI incidence,2026-02-01,3,MT,quantile,0.35,10310.11987806635
2026-01-21,ILI incidence,2026-02-08,4,MT,quantile,0.35,9949.595558295718
2026-01-21,ILI incidence,2026-01-18,1,MT,quantile,0.4,11249.088580126314
2026-01-21,ILI incidence,2026-01-25,2,MT,quantile,0.4,10837.809181797664
2026-01-21,ILI incidence,2026-02-01,3,MT,quantile,0.4,10457.2456289776
2026-01-21,ILI incidence,2026-02-08,4,MT,quantile,0.4,10104.464023542749
2026-01-21,ILI incidence,2026-01-18,1,MT,quantile,0.45,11374.047252296275
2026-01-21,ILI incidence,2026-01-25,2,MT,quantile,0.45,10974.403586174005
2026-01-21,ILI incidence,2026-02-01,3,MT,quantile,0.45,10603.206305224312
2026-01-21,ILI incidence,2026-02-08,4,MT,quantile,0.45,10258.106100315448
2026-01-21,ILI incidence,2026-01-18,1,MT,quantile,0.5,11498.514083588714
2026-01-21,ILI incidence,2026-01-25,2,MT,quantile,0.5,11110.460351100866
2026-01-21,ILI incidence,2026-02-01,3,MT,quantile,0.5,10748.592476109832
2026-01-21,ILI incidence,2026-02-08,4,MT,quantile,0.5,10411.143437516635
2026-01-21,ILI incidence,2026-01-18,1,MT,quantile,0.55,11622.980914881153
2026-01-21,ILI incidence,2026-01-25,2,MT,quantile,0.55,11246.517116027728
2026-01-21,ILI incidence,2026-02-01,3,MT,quantile,0.55,10893.978646995352
2026-01-21,ILI incidence,2026-02-08,4,MT,quantile,0.55,10564.180774717826
2026-01-21,ILI incidence,2026-01-18,1,MT,quantile,0.6,11747.939587051114
2026-01-21,ILI incidence,2026-01-25,2,MT,quantile,0.6,11383.111520404069
2026-01-21,ILI incidence,2026-02-01,3,MT,quantile,0.6,11039.939323242064
2026-01-21,ILI incidence,2026-02-08,4,MT,quantile,0.6,10717.822851490526
2026-01-21,ILI incidence,2026-01-18,1,MT,quantile,0.65,11873.895693508195
2026-01-21,ILI incidence,2026-01-25,2,MT,quantile,0.65,11520.796236801078
2026-01-21,ILI incidence,2026-02-01,3,MT,quantile,0.65,11187.065074153314
2026-01-21,ILI incidence,2026-02-08,4,MT,quantile,0.65,10872.691316737555
2026-01-21,ILI incidence,2026-01-18,1,MT,quantile,0.7,12001.38334555251
2026-01-21,ILI incidence,2026-01-25,2,MT,quantile,0.7,11660.155111170723
2026-01-21,ILI incidence,2026-02-01,3,MT,quantile,0.7,11335.97977997048
2026-01-21,ILI incidence,2026-02-08,4,MT,quantile,0.7,11029.442883338086
2026-01-21,ILI incidence,2026-01-18,1,MT,quantile,0.75,12130.98210791615
2026-01-21,ILI incidence,2026-01-25,2,MT,quantile,0.75,11801.821675368
2026-01-21,ILI incidence,2026-02-01,3,MT,quantile,0.75,11487.360413797998
2026-01-21,ILI incidence,2026-02-08,4,MT,quantile,0.75,11188.790151126255
2026-01-21,ILI incidence,2026-01-18,1,MT,quantile,0.8,12263.337585273104
2026-01-21,ILI incidence,2026-01-25,2,MT,quantile,0.8,11946.50165060757
2026-01-21,ILI incidence,2026-02-01,3,MT,quantile,0.8,11641.961088120956
2026-01-21,ILI incidence,2026-02-08,4,MT,quantile,0.8,11351.526918893009
2026-01-21,ILI incidence,2026-01-18,1,MT,quantile,0.85,12399.187724034846
2026-01-21,ILI incidence,2026-01-25,2,MT,quantile,0.85,12095.001698394282
2026-01-21,ILI incidence,2026-02-01,3,MT,quantile,0.85,11800.643777185573
2026-01-21,ILI incidence,2026-02-08,4,MT,quantile,0.85,11518.560523578111
2026-01-21,ILI incidence,2026-01-18,1,MT,quantile,0.9,12539.39789688251
2026-01-21,ILI incidence,2026-01-25,2,MT,quantile,0.9,12248.267772009256
2026-01-21,ILI incidence,2026-02-01,3,MT,quantile,0.9,11964.419298244871
2026-01-21,ILI incidence,2026-02-08,4,MT,quantile,0.9,11690.954978215672
2026-01-21,ILI incidence,2026-01-18,1,MT,quantile,0.95,12685.00956624375
2026-01-21,ILI incidence,2026-01-25,2,MT,quantile,0.95,12407.438311366384
2026-01-21,ILI incidence,2026-02-01,3,MT,quantile,0.95,12134.504153983986
2026-01-21,ILI incidence,2026-02-08,4,MT,quantile,0.95,11869.990805777694
2026-01-21,ILI incidence,2026-01-18,1,MT,quantile,0.975,12760.231187844973
2026-01-21,ILI incidence,2026-01-25,2,MT,quantile,0.975,12489.664317936513
2026-01-21,ILI incidence,2026-02-01,3,MT,quantile,0.975,12222.368393949302
2026-01-21,ILI incidence,2026-02-08,4,MT,quantile,0.975,11962.479033768004
2026-01-21,ILI incidence,2026-01-18,1,MT,quantile,0.99,12806.242572288214
2026-01-21,ILI incidence,2026-01-25,2,MT,quantile,0.99,12539.960128090504
2026-01-21,ILI incidence,2026-02-01,3,MT,quantile,0.99,12276.112985435104
2026-01-21,ILI incidence,2026-02-08,4,MT,quantile,0.99,12019.052015364923
2026-01-21,ILI incidence,2026-01-18,1,MT,median,,11498.514083588714
2026-01-21,ILI incidence,2026-01-25,2,MT,median,,11110.460351100866
2026-01-21,ILI incidence,2026-02-01,3,MT,median,,10748.592476109832
2026-01-21,ILI incidence,2026-02-08,4,MT,median,,10411.143437516635
2026-01-21,ILI incidence,2026-01-18,1,PL,quantile,0.01,147.2686295429579
2026-01-21,ILI incidence,2026-01-25,2,PL,quantile,0.01,147.42588191345013
2026-01-21,ILI incidence,2026-02-01,3,PL,quantile,0.01,149.49368447962013
2026-01-21,ILI incidence,2026-02-08,4,PL,quantile,0.01,152.41289001779532
2026-01-21,ILI incidence,2026-01-18,1,PL,quantile,0.025,149.58049663255858
2026-01-21,ILI incidence,2026-01-25,2,PL,quantile,0.025,150.090697520552
2026-01-21,ILI incidence,2026-02-01,3,PL,quantile,0.025,152.39840311188573
2026-01-21,ILI incidence,2026-02-08,4,PL,quantile,0.025,155.48758910876637
2026-01-21,ILI incidence,2026-01-18,1,PL,quantile,0.05,153.36004800903982
2026-01-21,ILI incidence,2026-01-25,2,PL,quantile,0.05,154.44726608852716
2026-01-21,ILI incidence,2026-02-01,3,PL,quantile,0.05,157.14717666995674
2026-01-21,ILI incidence,2026-02-08,4,PL,quantile,0.05,160.51425488631878
2026-01-21,ILI incidence,2026-01-18,1,PL,quantile,0.1,160.67638570092836
2026-01-21,ILI incidence,2026-01-25,2,PL,quantile,0.1,162.88057566582637
2026-01-21,ILI incidence,2026-02-01,3,PL,quantile,0.1,166.33970443644125
2026-01-21,ILI incidence,2026-02-08,4,PL,quantile,0.1,170.24471774539813
2026-01-21,ILI incidence,2026-01-18,1,PL,quantile,0.15,167.7213222564366
2026-01-21,ILI incidence,2026-01-25,2,PL,quantile,0.15,171.00104979195942
2026-01-21,ILI incidence,2026-02-01,3,PL,quantile,0.15,175.19123338806818
2026-01-21,ILI incidence,2026-02-08,4,PL,quantile,0.15,179.61422697047715
2026-01-21,ILI incidence,2026-01-18,1,PL,quantile,0.2,174.54718652288523
2026-01-21,ILI incidence,2026-01-25,2,PL,quantile,0.2,178.86900626359773
2026-01-21,ILI incidence,2026-02-01,3,PL,quantile,0.2,183.76751149906207
2026-01-21,ILI incidence,2026-02-08,4,PL,quantile,0.2,188.6923780240339
2026-01-21,ILI incidence,2026-01-18,1,PL,quantile,0.25,181.1974596223045
2026-01-21,ILI incidence,2026-01-25,2,PL,quantile,0.25,186.53456438609484
2026-01-21,ILI incidence,2026-02-01,3,PL,quantile,0.25,192.1231701216668
2026-01-21,ILI incidence,2026-02-08,4,PL,quantile,0.25,197.5369992159147
2026-01-21,ILI incidence,2026-01-18,1,PL,quantile,0.3,187.7092200743525
2026-01-21,ILI incidence,2026-01-25,2,PL,quantile,0.3,194.0404633888457
2026-01-21,ILI incidence,2026-02-01,3,PL,quantile,0.3,200.3047961325208
2026-01-21,ILI incidence,2026-02-08,4,PL,quantile,0.3,206.1974036278274
2026-01-21,ILI incidence,2026-01-18,1,PL,quantile,0.35,194.1149066377569
2026-01-21,ILI incidence,2026-01-25,2,PL,quantile,0.35,201.42409439650507
2026-01-21,ILI incidence,2026-02-01,3,PL,quantile,0.35,208.35314683437204
2026-01-21,ILI incidence,2026-02-08,4,PL,quantile,0.35,214.7167336283021
2026-01-21,ILI incidence,2026-01-18,1,PL,quantile,0.4,200.4436398583704
2026-01-21,ILI incidence,2026-01-25,2,PL,quantile,0.4,208.719023735366
2026-01-21,ILI incidence,2026-02-01,3,PL,quantile,0.4,216.304810399828
2026-01-21,ILI incidence,2026-02-08,4,PL,quantile,0.4,223.1337184835085
2026-01-21,ILI incidence,2026-01-18,1,PL,quantile,0.45,206.7222564495816
2026-01-21,ILI incidence,2026-01-25,2,PL,quantile,0.45,215.95618523073475
2026-01-21,ILI incidence,2026-02-01,3,PL,quantile,0.45,224.1935055066446
2026-01-21,ILI incidence,2026-02-08,4,PL,quantile,0.45,231.48405004555667
2026-01-21,ILI incidence,2026-01-18,1,PL,quantile,0.5,212.97616022782643
2026-01-21,ILI incidence,2026-01-25,2,PL,quantile,0.5,223.16486105320985
2026-01-21,ILI incidence,2026-02-01,3,PL,quantile,0.5,232.0511504857952
2026-01-21,ILI incidence,2026-02-08,4,PL,quantile,0.5,239.80151446575888
2026-01-21,ILI incidence,2026-01-18,1,PL,quantile,0.55,219.2300640060713
2026-01-21,ILI incidence,2026-01-25,2,PL,quantile,0.55,230.3735368756849
2026-01-21,ILI incidence,2026-02-01,3,PL,quantile,0.55,239.9087954649457
2026-01-21,ILI incidence,2026-02-08,4,PL,quantile,0.55,248.1189788859611
2026-01-21,ILI incidence,2026-01-18,1,PL,quantile,0.6,225.5086805972825
2026-01-21,ILI incidence,2026-01-25,2,PL,quantile,0.6,237.61069837105367
2026-01-21,ILI incidence,2026-02-01,3,PL,quantile,0.6,247.79749057176235
2026-01-21,ILI incidence,2026-02-08,4,PL,quantile,0.6,256.4693104480093
2026-01-21,ILI incidence,2026-01-18,1,PL,quantile,0.65,231.837413817896
2026-01-21,ILI incidence,2026-01-25,2,PL,quantile,0.65,244.90562770991457
2026-01-21,ILI incidence,2026-02-01,3,PL,quantile,0.65,255.7491541372183
2026-01-21,ILI incidence,2026-02-08,4,PL,quantile,0.65,264.88629530321566
2026-01-21,ILI incidence,2026-01-18,1,PL,quantile,0.7,238.2431003813004
2026-01-21,ILI incidence,2026-01-25,2,PL,quantile,0.7,252.289258717574
2026-01-21,ILI incidence,2026-02-01,3,PL,quantile,0.7,263.7975048390695
2026-01-21,ILI incidence,2026-02-08,4,PL,quantile,0.7,273.4056253036904
2026-01-21,ILI incidence,2026-01-18,1,PL,quantile,0.75,244.7548608333484
2026-01-21,ILI incidence,2026-01-25,2,PL,quantile,0.75,259.7951577203248
2026-01-21,ILI incidence,2026-02-01,3,PL,quantile,0.75,271.97913084992354
2026-01-21,ILI incidence,2026-02-08,4,PL,quantile,0.75,282.06602971560307
2026-01-21,ILI incidence,2026-01-18,1,PL,quantile,0.8,251.40513393276768
2026-01-21,ILI incidence,2026-01-25,2,PL,quantile,0.8,267.4607158428219
2026-01-21,ILI incidence,2026-02-01,3,PL,quantile,0.8,280.3347894725283
2026-01-21,ILI incidence,2026-02-08,4,PL,quantile,0.8,290.91065090748384
2026-01-21,ILI incidence,2026-01-18,1,PL,quantile,0.85,258.23099819921634
2026-01-21,ILI incidence,2026-01-25,2,PL,quantile,0.85,275.3286723144602
2026-01-21,ILI incidence,2026-02-01,3,PL,quantile,0.85,288.91106758352214
2026-01-21,ILI incidence,2026-02-08,4,PL,quantile,0.85,299.9888019610406
2026-01-21,ILI incidence,2026-01-18,1,PL,quantile,0.9,265.2759347547245
2026-01-21,ILI incidence,2026-01-25,2,PL,quantile,0.9,283.44914644059327
2026-01-21,ILI incidence,2026-02-01,3,PL,quantile,0.9,297.7625965351491
2026-01-21,ILI incidence,2026-02-08,4,PL,quantile,0.9,309.35831118611964
2026-01-21,ILI incidence,2026-01-18,1,PL,quantile,0.95,272.5922724466131
2026-01-21,ILI incidence,2026-01-25,2,PL,quantile,0.95,291.8824560178925
2026-01-21,ILI incidence,2026-02-01,3,PL,quantile,0.95,306.95512430163365
2026-01-21,ILI incidence,2026-02-08,4,PL,quantile,0.95,319.088774045199
2026-01-21,ILI incidence,2026-01-18,1,PL,quantile,0.975,276.3718238230944
2026-01-21,ILI incidence,2026-01-25,2,PL,quantile,0.975,296.23902458586764
2026-01-21,ILI incidence,2026-02-01,3,PL,quantile,0.975,311.7038978597046
2026-01-21,ILI incidence,2026-02-08,4,PL,quantile,0.975,324.1154398227514
2026-01-21,ILI incidence,2026-01-18,1,PL,quantile,0.99,278.683690912695
2026-01-21,ILI incidence,2026-01-25,2,PL,quantile,0.99,298.9038401929695
2026-01-21,ILI incidence,2026-02-01,3,PL,quantile,0.99,314.6086164919702
2026-01-21,ILI incidence,2026-02-08,4,PL,quantile,0.99,327.1901389137224
2026-01-21,ILI incidence,2026-01-18,1,PL,median,,212.97616022782643
2026-01-21,ILI incidence,2026-01-25,2,PL,median,,223.16486105320985
2026-01-21,ILI incidence,2026-02-01,3,PL,median,,232.0511504857952
2026-01-21,ILI incidence,2026-02-08,4,PL,median,,239.80151446575888
2026-01-21,ILI incidence,2026-01-18,1,RO,quantile,0.01,18.438116866953504
2026-01-21,ILI incidence,2026-01-25,2,RO,quantile,0.01,8.511687346372941
2026-01-21,ILI incidence,2026-02-01,3,RO,quantile,0.01,5.388276182567231
2026-01-21,ILI incidence,2026-02-08,4,RO,quantile,0.01,3.394708478593106
2026-01-21,ILI incidence,2026-01-18,1,RO,quantile,0.025,18.58090471067632
2026-01-21,ILI incidence,2026-01-25,2,RO,quantile,0.025,8.708871129601434
2026-01-21,ILI incidence,2026-02-01,3,RO,quantile,0.025,5.627013760902684
2026-01-21,ILI incidence,2026-02-08,4,RO,quantile,0.025,3.6532275267467647
2026-01-21,ILI incidence,2026-01-18,1,RO,quantile,0.05,18.814341136894303
2026-01-21,ILI incidence,2026-01-25,2,RO,quantile,0.05,9.031236650817345
2026-01-21,ILI incidence,2026-02-01,3,RO,quantile,0.05,6.017313422537392
2026-01-21,ILI incidence,2026-02-08,4,RO,quantile,0.05,4.07586688551049
2026-01-21,ILI incidence,2026-01-18,1,RO,quantile,0.1,19.266220091213075
2026-01-21,ILI incidence,2026-01-25,2,RO,quantile,0.1,9.655261774040584
2026-01-21,ILI incidence,2026-02-01,3,RO,quantile,0.1,6.772843336304008
2026-01-21,ILI incidence,2026-02-08,4,RO,quantile,0.1,4.893998976488297
2026-01-21,ILI incidence,2026-01-18,1,RO,quantile,0.15,19.70133649753677
2026-01-21,ILI incidence,2026-01-25,2,RO,quantile,0.15,10.256138549729178
2026-01-21,ILI incidence,2026-02-01,3,RO,quantile,0.15,7.500346703757305
2026-01-21,ILI incidence,2026-02-08,4,RO,quantile,0.15,5.681782279786885
2026-01-21,ILI incidence,2026-01-18,1,RO,quantile,0.2,20.12292234238703
2026-01-21,ILI incidence,2026-01-25,2,RO,quantile,0.2,10.838330210277883
2026-01-21,ILI incidence,2026-02-01,3,RO,quantile,0.2,8.205227322694585
2026-01-21,ILI incidence,2026-02-08,4,RO,quantile,0.2,6.445068344511818
2026-01-21,ILI incidence,2026-01-18,1,RO,quantile,0.25,20.533663150241143
2026-01-21,ILI incidence,2026-01-25,2,RO,quantile,0.25,11.405545347836972
2026-01-21,ILI incidence,2026-02-01,3,RO,quantile,0.25,8.891975320521315
2026-01-21,ILI incidence,2026-02-08,4,RO,quantile,0.25,7.188719343895492
2026-01-21,ILI incidence,2026-01-18,1,RO,quantile,0.3,20.93584900165532
2026-01-21,ILI incidence,2026-01-25,2,RO,quantile,0.3,11.960946463752464
2026-01-21,ILI incidence,2026-02-01,3,RO,quantile,0.3,9.564419652643815
2026-01-21,ILI incidence,2026-02-08,4,RO,quantile,0.3,7.916881495361938
2026-01-21,ILI incidence,2026-01-18,1,RO,quantile,0.35,21.33148341163808
2026-01-21,ILI incidence,2026-01-25,2,RO,quantile,0.35,12.507300324850156
2026-01-21,ILI incidence,2026-02-01,3,RO,quantile,0.35,10.2259101442911
2026-01-21,ILI incidence,2026-02-08,4,RO,quantile,0.35,8.633182186085484
2026-01-21,ILI incidence,2026-01-18,1,RO,quantile,0.4,21.722364952420964
2026-01-21,ILI incidence,2026-01-25,2,RO,quantile,0.4,13.047090680921176
2026-01-21,ILI incidence,2026-02-01,3,RO,quantile,0.4,10.87945396167438
2026-01-21,ILI incidence,2026-02-08,4,RO,quantile,0.4,9.340877751964252
2026-01-21,ILI incidence,2026-01-18,1,RO,quantile,0.45,22.110151139894302
2026-01-21,ILI incidence,2026-01-25,2,RO,quantile,0.45,13.58260648910289
2026-01-21,ILI incidence,2026-02-01,3,RO,quantile,0.45,11.52782242845396
2026-01-21,ILI incidence,2026-02-08,4,RO,quantile,0.45,10.042969144753648
2026-01-21,ILI incidence,2026-01-18,1,RO,quantile,0.5,22.49641098993603
2026-01-21,ILI incidence,2026-01-25,2,RO,quantile,0.5,14.11601449187622
2026-01-21,ILI incidence,2026-02-01,3,RO,quantile,0.5,12.173638898560384
2026-01-21,ILI incidence,2026-02-08,4,RO,quantile,0.5,10.742297085909511
2026-01-21,ILI incidence,2026-01-18,1,RO,quantile,0.55,22.88267083997776
2026-01-21,ILI incidence,2026-01-25,2,RO,quantile,0.55,14.649422494649553
2026-01-21,ILI incidence,2026-02-01,3,RO,quantile,0.55,12.819455368666809
2026-01-21,ILI incidence,2026-02-08,4,RO,quantile,0.55,11.441625027065374
2026-01-21,ILI incidence,2026-01-18,1,RO,quantile,0.6,23.27045702745109
2026-01-21,ILI incidence,2026-01-25,2,RO,quantile,0.6,15.184938302831268
2026-01-21,ILI incidence,2026-02-01,3,RO,quantile,0.6,13.467823835446389
2026-01-21,ILI incidence,2026-02-08,4,RO,quantile,0.6,12.14371641985477
2026-01-21,ILI incidence,2026-01-18,1,RO,quantile,0.65,23.661338568233983
2026-01-21,ILI incidence,2026-01-25,2,RO,quantile,0.65,15.724728658902286
2026-01-21,ILI incidence,2026-02-01,3,RO,quantile,0.65,14.121367652829669
2026-01-21,ILI incidence,2026-02-08,4,RO,quantile,0.65,12.851411985733538
2026-01-21,ILI incidence,2026-01-18,1,RO,quantile,0.7,24.056972978216745
2026-01-21,ILI incidence,2026-01-25,2,RO,quantile,0.7,16.27108251999998
2026-01-21,ILI incidence,2026-02-01,3,RO,quantile,0.7,14.782858144476952
2026-01-21,ILI incidence,2026-02-08,4,RO,quantile,0.7,13.567712676457084
2026-01-21,ILI incidence,2026-01-18,1,RO,quantile,0.75,24.459158829630915
2026-01-21,ILI incidence,2026-01-25,2,RO,quantile,0.75,16.82648363591547
2026-01-21,ILI incidence,2026-02-01,3,RO,quantile,0.75,15.455302476599453
2026-01-21,ILI incidence,2026-02-08,4,RO,quantile,0.75,14.29587482792353
2026-01-21,ILI incidence,2026-01-18,1,RO,quantile,0.8,24.86989963748503
2026-01-21,ILI incidence,2026-01-25,2,RO,quantile,0.8,17.393698773474558
2026-01-21,ILI incidence,2026-02-01,3,RO,quantile,0.8,16.142050474426185
2026-01-21,ILI incidence,2026-02-08,4,RO,quantile,0.8,15.039525827307203
2026-01-21,ILI incidence,2026-01-18,1,RO,quantile,0.85,25.291485482335293
2026-01-21,ILI incidence,2026-01-25,2,RO,quantile,0.85,17.975890434023267
2026-01-21,ILI incidence,2026-02-01,3,RO,quantile,0.85,16.846931093363462
2026-01-21,ILI incidence,2026-02-08,4,RO,quantile,0.85,15.802811892032135
2026-01-21,ILI incidence,2026-01-18,1,RO,quantile,0.9,25.726601888658987
2026-01-21,ILI incidence,2026-01-25,2,RO,quantile,0.9,18.57676720971186
2026-01-21,ILI incidence,2026-02-01,3,RO,quantile,0.9,17.57443446081676
2026-01-21,ILI incidence,2026-02-08,4,RO,quantile,0.9,16.590595195330724
2026-01-21,ILI incidence,2026-01-18,1,RO,quantile,0.95,26.17848084297776
2026-01-21,ILI incidence,2026-01-25,2,RO,quantile,0.95,19.20079233293509
2026-01-21,ILI incidence,2026-02-01,3,RO,quantile,0.95,18.329964374583376
2026-01-21,ILI incidence,2026-02-08,4,RO,quantile,0.95,17.408727286308533
2026-01-21,ILI incidence,2026-01-18,1,RO,quantile,0.975,26.411917269195744
2026-01-21,ILI incidence,2026-01-25,2,RO,quantile,0.975,19.52315785415101
2026-01-21,ILI incidence,2026-02-01,3,RO,quantile,0.975,18.720264036218083
2026-01-21,ILI incidence,2026-02-08,4,RO,quantile,0.975,17.831366645072258
2026-01-21,ILI incidence,2026-01-18,1,RO,quantile,0.99,26.55470511291856
2026-01-21,ILI incidence,2026-01-25,2,RO,quantile,0.99,19.7203416373795
2026-01-21,ILI incidence,2026-02-01,3,RO,quantile,0.99,18.959001614553536
2026-01-21,ILI incidence,2026-02-08,4,RO,quantile,0.99,18.08988569322592
2026-01-21,ILI incidence,2026-01-18,1,RO,median,,22.49641098993603
2026-01-21,ILI incidence,2026-01-25,2,RO,median,,14.11601449187622
2026-01-21,ILI incidence,2026-02-01,3,RO,median,,12.173638898560384
2026-01-21,ILI incidence,2026-02-08,4,RO,median,,10.742297085909511
2026-01-21,ILI incidence,2026-01-18,1,SI,quantile,0.01,107.839095675518
2026-01-21,ILI incidence,2026-01-25,2,SI,quantile,0.01,71.47190390346742
2026-01-21,ILI incidence,2026-02-01,3,SI,quantile,0.01,47.019648855627466
2026-01-21,ILI incidence,2026-02-08,4,SI,quantile,0.01,29.767974643093787
2026-01-21,ILI incidence,2026-01-18,1,SI,quantile,0.025,109.20718175952656
2026-01-21,ILI incidence,2026-01-25,2,SI,quantile,0.025,73.22129542438829
2026-01-21,ILI incidence,2026-02-01,3,SI,quantile,0.025,48.952406766029554
2026-01-21,ILI incidence,2026-02-08,4,SI,quantile,0.025,31.79751982623342
2026-01-21,ILI incidence,2026-01-18,1,SI,quantile,0.05,111.4437946103339
2026-01-21,ILI incidence,2026-01-25,2,SI,quantile,0.05,76.08128472076397
2026-01-21,ILI incidence,2026-02-01,3,SI,quantile,0.05,52.112172244557584
2026-01-21,ILI incidence,2026-02-08,4,SI,quantile,0.05,35.11551778773877
2026-01-21,ILI incidence,2026-01-18,1,SI,quantile,0.1,115.77336001969704
2026-01-21,ILI incidence,2026-01-25,2,SI,quantile,0.1,81.61756281389366
2026-01-21,ILI incidence,2026-02-01,3,SI,quantile,0.1,58.22874772278421
2026-01-21,ILI incidence,2026-02-08,4,SI,quantile,0.1,41.538394772142
2026-01-21,ILI incidence,2026-01-18,1,SI,quantile,0.15,119.94231925946843
2026-01-21,ILI incidence,2026-01-25,2,SI,quantile,0.15,86.94847146823176
2026-01-21,ILI incidence,2026-02-01,3,SI,quantile,0.15,64.1184275046316
2026-01-21,ILI incidence,2026-02-08,4,SI,quantile,0.15,47.723013739240926
2026-01-21,ILI incidence,2026-01-18,1,SI,quantile,0.2,123.9816388017838
2026-01-21,ILI incidence,2026-01-25,2,SI,quantile,0.2,92.11360796089431
2026-01-21,ILI incidence,2026-02-01,3,SI,quantile,0.2,69.82495934448247
2026-01-21,ILI incidence,2026-02-08,4,SI,quantile,0.2,53.715313212273664
2026-01-21,ILI incidence,2026-01-18,1,SI,quantile,0.25,127.91704932910076
2026-01-21,ILI incidence,2026-01-25,2,SI,quantile,0.25,97.14587448878622
2026-01-21,ILI incidence,2026-02-01,3,SI,quantile,0.25,75.38469415668445
2026-01-21,ILI incidence,2026-02-08,4,SI,quantile,0.25,59.55346446076126
2026-01-21,ILI incidence,2026-01-18,1,SI,quantile,0.3,131.77049267665194
2026-01-21,ILI incidence,2026-01-25,2,SI,quantile,0.3,102.07332839490518
2026-01-21,ILI incidence,2026-02-01,3,SI,quantile,0.3,80.82863017746722
2026-01-21,ILI incidence,2026-02-08,4,SI,quantile,0.3,65.27001802850812
2026-01-21,ILI incidence,2026-01-18,1,SI,quantile,0.35,135.5611650234035
2026-01-21,ILI incidence,2026-01-25,2,SI,quantile,0.35,106.92051611175272
2026-01-21,ILI incidence,2026-02-01,3,SI,quantile,0.35,86.18388672861904
2026-01-21,ILI incidence,2026-02-08,4,SI,quantile,0.35,70.89345129936513
2026-01-21,ILI incidence,2026-01-18,1,SI,quantile,0.4,139.3062989402584
2026-01-21,ILI incidence,2026-01-25,2,SI,quantile,0.4,111.7094731777162
2026-01-21,ILI incidence,2026-02-01,3,SI,quantile,0.4,91.47480905282502
2026-01-21,ILI incidence,2026-02-08,4,SI,quantile,0.4,76.44932865972436
2026-01-21,ILI incidence,2026-01-18,1,SI,quantile,0.45,143.02177550199494
2026-01-21,ILI incidence,2026-01-25,2,SI,quantile,0.45,116.46050695348367
2026-01-21,ILI incidence,2026-02-01,3,SI,quantile,0.45,96.72383307225572
2026-01-21,ILI incidence,2026-02-08,4,SI,quantile,0.45,81.9612095618719
2026-01-21,ILI incidence,2026-01-18,1,SI,quantile,0.5,146.72262784261252
2026-01-21,ILI incidence,2026-01-25,2,SI,quantile,0.5,121.19284052556908
2026-01-21,ILI incidence,2026-02-01,3,SI,quantile,0.5,101.95219678428217
2026-01-21,ILI incidence,2026-02-08,4,SI,quantile,0.5,87.45139554447007
2026-01-21,ILI incidence,2026-01-18,1,SI,quantile,0.55,150.4234801832301
2026-01-21,ILI incidence,2026-01-25,2,SI,quantile,0.55,125.92517409765443
2026-01-21,ILI incidence,2026-02-01,3,SI,quantile,0.55,107.1805604963086
2026-01-21,ILI incidence,2026-02-08,4,SI,quantile,0.55,92.94158152706824
2026-01-21,ILI incidence,2026-01-18,1,SI,quantile,0.6,154.13895674496666
2026-01-21,ILI incidence,2026-01-25,2,SI,quantile,0.6,130.67620787342193
2026-01-21,ILI incidence,2026-02-01,3,SI,quantile,0.6,112.42958451573932
2026-01-21,ILI incidence,2026-02-08,4,SI,quantile,0.6,98.4534624292158
2026-01-21,ILI incidence,2026-01-18,1,SI,quantile,0.65,157.88409066182157
2026-01-21,ILI incidence,2026-01-25,2,SI,quantile,0.65,135.4651649393854
2026-01-21,ILI incidence,2026-02-01,3,SI,quantile,0.65,117.72050683994529
2026-01-21,ILI incidence,2026-02-08,4,SI,quantile,0.65,104.00933978957502
2026-01-21,ILI incidence,2026-01-18,1,SI,quantile,0.7,161.6747630085731
2026-01-21,ILI incidence,2026-01-25,2,SI,quantile,0.7,140.31235265623295
2026-01-21,ILI incidence,2026-02-01,3,SI,quantile,0.7,123.07576339109713
2026-01-21,ILI incidence,2026-02-08,4,SI,quantile,0.7,109.63277306043204
2026-01-21,ILI incidence,2026-01-18,1,SI,quantile,0.75,165.52820635612431
2026-01-21,ILI incidence,2026-01-25,2,SI,quantile,0.75,145.2398065623519
2026-01-21,ILI incidence,2026-02-01,3,SI,quantile,0.75,128.51969941187988
2026-01-21,ILI incidence,2026-02-08,4,SI,quantile,0.75,115.34932662817889
2026-01-21,ILI incidence,2026-01-18,1,SI,quantile,0.8,169.46361688344126
2026-01-21,ILI incidence,2026-01-25,2,SI,quantile,0.8,150.27207309024382
2026-01-21,ILI incidence,2026-02-01,3,SI,quantile,0.8,134.0794342240819
2026-01-21,ILI incidence,2026-02-08,4,SI,quantile,0.8,121.18747787666648
2026-01-21,ILI incidence,2026-01-18,1,SI,quantile,0.85,173.50293642575662
2026-01-21,ILI incidence,2026-01-25,2,SI,quantile,0.85,155.43720958290638
2026-01-21,ILI incidence,2026-02-01,3,SI,quantile,0.85,139.78596606393273
2026-01-21,ILI incidence,2026-02-08,4,SI,quantile,0.85,127.17977734969922
2026-01-21,ILI incidence,2026-01-18,1,SI,quantile,0.9,177.67189566552798
2026-01-21,ILI incidence,2026-01-25,2,SI,quantile,0.9,160.7681182372445
2026-01-21,ILI incidence,2026-02-01,3,SI,quantile,0.9,145.6756458457801
2026-01-21,ILI incidence,2026-02-08,4,SI,quantile,0.9,133.36439631679815
2026-01-21,ILI incidence,2026-01-18,1,SI,quantile,0.95,182.00146107489115
2026-01-21,ILI incidence,2026-01-25,2,SI,quantile,0.95,166.30439633037415
2026-01-21,ILI incidence,2026-02-01,3,SI,quantile,0.95,151.79222132400673
2026-01-21,ILI incidence,2026-02-08,4,SI,quantile,0.95,139.78727330120137
2026-01-21,ILI incidence,2026-01-18,1,SI,quantile,0.975,184.2380739256985
2026-01-21,ILI incidence,2026-01-25,2,SI,quantile,0.975,169.16438562674983
2026-01-21,ILI incidence,2026-02-01,3,SI,quantile,0.975,154.95198680253478
2026-01-21,ILI incidence,2026-02-08,4,SI,quantile,0.975,143.10527126270674
2026-01-21,ILI incidence,2026-01-18,1,SI,quantile,0.99,185.60616000970705
2026-01-21,ILI incidence,2026-01-25,2,SI,quantile,0.99,170.91377714767071
2026-01-21,ILI incidence,2026-02-01,3,SI,quantile,0.99,156.88474471293688
2026-01-21,ILI incidence,2026-02-08,4,SI,quantile,0.99,145.13481644584635
2026-01-21,ILI incidence,2026-01-18,1,SI,median,,146.72262784261252
2026-01-21,ILI incidence,2026-01-25,2,SI,median,,121.19284052556908
2026-01-21,ILI incidence,2026-02-01,3,SI,median,,101.95219678428217
2026-01-21,ILI incidence,2026-02-08,4,SI,median,,87.45139554447007
