origin_date,target,horizon,target_end_date,location,output_type,output_type_id,value
2026-07-29,ILI incidence,1,2026-07-26,CH,quantile,0.010,0.0
2026-07-29,ILI incidence,1,2026-07-26,CH,quantile,0.025,0.0
2026-07-29,ILI incidence,1,2026-07-26,CH,quantile,0.050,0.0
2026-07-29,ILI incidence,1,2026-07-26,CH,quantile,0.100,0.0
2026-07-29,ILI incidence,1,2026-07-26,CH,quantile,0.150,0.0
2026-07-29,ILI incidence,1,2026-07-26,CH,quantile,0.200,0.0
2026-07-29,ILI incidence,1,2026-07-26,CH,quantile,0.250,0.0
2026-07-29,ILI incidence,1,2026-07-26,CH,quantile,0.300,2.8553675614846004
2026-07-29,ILI incidence,1,2026-07-26,CH,quantile,0.350,5.302739332716353
2026-07-29,ILI incidence,1,2026-07-26,CH,quantile,0.400,7.527011825756125
2026-07-29,ILI incidence,1,2026-07-26,CH,quantile,0.450,8.175737236584759
2026-07-29,ILI incidence,1,2026-07-26,CH,quantile,0.500,8.854096551717994
2026-07-29,ILI incidence,1,2026-07-26,CH,quantile,0.550,9.292106359759346
2026-07-29,ILI incidence,1,2026-07-26,CH,quantile,0.600,10.263391793862832
2026-07-29,ILI incidence,1,2026-07-26,CH,quantile,0.650,12.48244457042894
2026-07-29,ILI incidence,1,2026-07-26,CH,quantile,0.700,15.003803395471449
2026-07-29,ILI incidence,1,2026-07-26,CH,quantile,0.750,18.137826092712835
2026-07-29,ILI incidence,1,2026-07-26,CH,quantile,0.800,21.3895169777077
2026-07-29,ILI incidence,1,2026-07-26,CH,quantile,0.850,24.6689059636701
2026-07-29,ILI incidence,1,2026-07-26,CH,quantile,0.900,36.788258949943796
2026-07-29,ILI incidence,1,2026-07-26,CH,quantile,0.950,65.59711943956147
2026-07-29,ILI incidence,1,2026-07-26,CH,quantile,0.975,89.68360900908344
2026-07-29,ILI incidence,1,2026-07-26,CH,quantile,0.990,130.76283449664834
2026-07-29,ILI incidence,1,2026-07-26,CH,median,,8.854096551717994
2026-07-29,ILI incidence,2,2026-08-02,CH,quantile,0.010,0.0
2026-07-29,ILI incidence,2,2026-08-02,CH,quantile,0.025,0.0
2026-07-29,ILI incidence,2,2026-08-02,CH,quantile,0.050,0.0
2026-07-29,ILI incidence,2,2026-08-02,CH,quantile,0.100,0.0
2026-07-29,ILI incidence,2,2026-08-02,CH,quantile,0.150,0.0
2026-07-29,ILI incidence,2,2026-08-02,CH,quantile,0.200,0.0
2026-07-29,ILI incidence,2,2026-08-02,CH,quantile,0.250,0.0
2026-07-29,ILI incidence,2,2026-08-02,CH,quantile,0.300,0.0
2026-07-29,ILI incidence,2,2026-08-02,CH,quantile,0.350,0.2566117600222871
2026-07-29,ILI incidence,2,2026-08-02,CH,quantile,0.400,3.6796235767979755
2026-07-29,ILI incidence,2,2026-08-02,CH,quantile,0.450,6.644210102318529
2026-07-29,ILI incidence,2,2026-08-02,CH,quantile,0.500,8.746156840820454
2026-07-29,ILI incidence,2,2026-08-02,CH,quantile,0.550,11.128822456703508
2026-07-29,ILI incidence,2,2026-08-02,CH,quantile,0.600,13.86961697369703
2026-07-29,ILI incidence,2,2026-08-02,CH,quantile,0.650,17.554114959688388
2026-07-29,ILI incidence,2,2026-08-02,CH,quantile,0.700,21.30497352624422
2026-07-29,ILI incidence,2,2026-08-02,CH,quantile,0.750,25.514929946142892
2026-07-29,ILI incidence,2,2026-08-02,CH,quantile,0.800,31.866102263575048
2026-07-29,ILI incidence,2,2026-08-02,CH,quantile,0.850,41.993488687937116
2026-07-29,ILI incidence,2,2026-08-02,CH,quantile,0.900,60.055206083630615
2026-07-29,ILI incidence,2,2026-08-02,CH,quantile,0.950,90.42643653672168
2026-07-29,ILI incidence,2,2026-08-02,CH,quantile,0.975,120.72480235970689
2026-07-29,ILI incidence,2,2026-08-02,CH,quantile,0.990,168.19653538457365
2026-07-29,ILI incidence,2,2026-08-02,CH,median,,8.746156840820454
2026-07-29,ILI incidence,3,2026-08-09,CH,quantile,0.010,0.0
2026-07-29,ILI incidence,3,2026-08-09,CH,quantile,0.025,0.0
2026-07-29,ILI incidence,3,2026-08-09,CH,quantile,0.050,0.0
2026-07-29,ILI incidence,3,2026-08-09,CH,quantile,0.100,0.0
2026-07-29,ILI incidence,3,2026-08-09,CH,quantile,0.150,0.0
2026-07-29,ILI incidence,3,2026-08-09,CH,quantile,0.200,0.0
2026-07-29,ILI incidence,3,2026-08-09,CH,quantile,0.250,0.0
2026-07-29,ILI incidence,3,2026-08-09,CH,quantile,0.300,0.0
2026-07-29,ILI incidence,3,2026-08-09,CH,quantile,0.350,0.0
2026-07-29,ILI incidence,3,2026-08-09,CH,quantile,0.400,0.454188313659826
2026-07-29,ILI incidence,3,2026-08-09,CH,quantile,0.450,4.719091623985361
2026-07-29,ILI incidence,3,2026-08-09,CH,quantile,0.500,8.490143377613393
2026-07-29,ILI incidence,3,2026-08-09,CH,quantile,0.550,12.375905868795394
2026-07-29,ILI incidence,3,2026-08-09,CH,quantile,0.600,16.809731281017783
2026-07-29,ILI incidence,3,2026-08-09,CH,quantile,0.650,21.555211527065968
2026-07-29,ILI incidence,3,2026-08-09,CH,quantile,0.700,26.870753976023988
2026-07-29,ILI incidence,3,2026-08-09,CH,quantile,0.750,34.08355972433761
2026-07-29,ILI incidence,3,2026-08-09,CH,quantile,0.800,43.562333116609324
2026-07-29,ILI incidence,3,2026-08-09,CH,quantile,0.850,56.501645624949454
2026-07-29,ILI incidence,3,2026-08-09,CH,quantile,0.900,75.65330590320048
2026-07-29,ILI incidence,3,2026-08-09,CH,quantile,0.950,109.23084568134838
2026-07-29,ILI incidence,3,2026-08-09,CH,quantile,0.975,139.50260543647957
2026-07-29,ILI incidence,3,2026-08-09,CH,quantile,0.990,180.27032938504422
2026-07-29,ILI incidence,3,2026-08-09,CH,median,,8.490143377613393
2026-07-29,ILI incidence,4,2026-08-16,CH,quantile,0.010,0.0
2026-07-29,ILI incidence,4,2026-08-16,CH,quantile,0.025,0.0
2026-07-29,ILI incidence,4,2026-08-16,CH,quantile,0.050,0.0
2026-07-29,ILI incidence,4,2026-08-16,CH,quantile,0.100,0.0
2026-07-29,ILI incidence,4,2026-08-16,CH,quantile,0.150,0.0
2026-07-29,ILI incidence,4,2026-08-16,CH,quantile,0.200,0.0
2026-07-29,ILI incidence,4,2026-08-16,CH,quantile,0.250,0.0
2026-07-29,ILI incidence,4,2026-08-16,CH,quantile,0.300,0.0
2026-07-29,ILI incidence,4,2026-08-16,CH,quantile,0.350,0.0
2026-07-29,ILI incidence,4,2026-08-16,CH,quantile,0.400,0.0
2026-07-29,ILI incidence,4,2026-08-16,CH,quantile,0.450,3.324553021505936
2026-07-29,ILI incidence,4,2026-08-16,CH,quantile,0.500,8.36354345689411
2026-07-29,ILI incidence,4,2026-08-16,CH,quantile,0.550,13.606439356978376
2026-07-29,ILI incidence,4,2026-08-16,CH,quantile,0.600,19.28969699010741
2026-07-29,ILI incidence,4,2026-08-16,CH,quantile,0.650,25.675006046051955
2026-07-29,ILI incidence,4,2026-08-16,CH,quantile,0.700,32.887883063639734
2026-07-29,ILI incidence,4,2026-08-16,CH,quantile,0.750,41.98550522491922
2026-07-29,ILI incidence,4,2026-08-16,CH,quantile,0.800,53.66586343948123
2026-07-29,ILI incidence,4,2026-08-16,CH,quantile,0.850,68.75923864187159
2026-07-29,ILI incidence,4,2026-08-16,CH,quantile,0.900,90.52952327934015
2026-07-29,ILI incidence,4,2026-08-16,CH,quantile,0.950,124.9677632553809
2026-07-29,ILI incidence,4,2026-08-16,CH,quantile,0.975,159.05516598690983
2026-07-29,ILI incidence,4,2026-08-16,CH,quantile,0.990,194.2123140053127
2026-07-29,ILI incidence,4,2026-08-16,CH,median,,8.36354345689411
2026-07-29,ILI incidence,1,2026-07-26,GB-WLS,quantile,0.010,0.0
2026-07-29,ILI incidence,1,2026-07-26,GB-WLS,quantile,0.025,0.0
2026-07-29,ILI incidence,1,2026-07-26,GB-WLS,quantile,0.050,0.0
2026-07-29,ILI incidence,1,2026-07-26,GB-WLS,quantile,0.100,0.0
2026-07-29,ILI incidence,1,2026-07-26,GB-WLS,quantile,0.150,0.0
2026-07-29,ILI incidence,1,2026-07-26,GB-WLS,quantile,0.200,0.0
2026-07-29,ILI incidence,1,2026-07-26,GB-WLS,quantile,0.250,0.0
2026-07-29,ILI incidence,1,2026-07-26,GB-WLS,quantile,0.300,0.0
2026-07-29,ILI incidence,1,2026-07-26,GB-WLS,quantile,0.350,0.0
2026-07-29,ILI incidence,1,2026-07-26,GB-WLS,quantile,0.400,0.6538731211617702
2026-07-29,ILI incidence,1,2026-07-26,GB-WLS,quantile,0.450,1.4469867913262695
2026-07-29,ILI incidence,1,2026-07-26,GB-WLS,quantile,0.500,2.143808151150658
2026-07-29,ILI incidence,1,2026-07-26,GB-WLS,quantile,0.550,2.9000938402795557
2026-07-29,ILI incidence,1,2026-07-26,GB-WLS,quantile,0.600,3.6404741796479048
2026-07-29,ILI incidence,1,2026-07-26,GB-WLS,quantile,0.650,4.495308656486496
2026-07-29,ILI incidence,1,2026-07-26,GB-WLS,quantile,0.700,5.576909999407978
2026-07-29,ILI incidence,1,2026-07-26,GB-WLS,quantile,0.750,6.7539573044367
2026-07-29,ILI incidence,1,2026-07-26,GB-WLS,quantile,0.800,8.552287500194398
2026-07-29,ILI incidence,1,2026-07-26,GB-WLS,quantile,0.850,10.66442700814344
2026-07-29,ILI incidence,1,2026-07-26,GB-WLS,quantile,0.900,13.247448252926748
2026-07-29,ILI incidence,1,2026-07-26,GB-WLS,quantile,0.950,17.087858216993002
2026-07-29,ILI incidence,1,2026-07-26,GB-WLS,quantile,0.975,21.88583255998936
2026-07-29,ILI incidence,1,2026-07-26,GB-WLS,quantile,0.990,26.097528604503502
2026-07-29,ILI incidence,1,2026-07-26,GB-WLS,median,,2.143808151150658
2026-07-29,ILI incidence,2,2026-08-02,GB-WLS,quantile,0.010,0.0
2026-07-29,ILI incidence,2,2026-08-02,GB-WLS,quantile,0.025,0.0
2026-07-29,ILI incidence,2,2026-08-02,GB-WLS,quantile,0.050,0.0
2026-07-29,ILI incidence,2,2026-08-02,GB-WLS,quantile,0.100,0.0
2026-07-29,ILI incidence,2,2026-08-02,GB-WLS,quantile,0.150,0.0
2026-07-29,ILI incidence,2,2026-08-02,GB-WLS,quantile,0.200,0.0
2026-07-29,ILI incidence,2,2026-08-02,GB-WLS,quantile,0.250,0.0
2026-07-29,ILI incidence,2,2026-08-02,GB-WLS,quantile,0.300,0.0
2026-07-29,ILI incidence,2,2026-08-02,GB-WLS,quantile,0.350,0.0
2026-07-29,ILI incidence,2,2026-08-02,GB-WLS,quantile,0.400,0.30527777380983057
2026-07-29,ILI incidence,2,2026-08-02,GB-WLS,quantile,0.450,1.2737911164427347
2026-07-29,ILI incidence,2,2026-08-02,GB-WLS,quantile,0.500,2.1094834123479966
2026-07-29,ILI incidence,2,2026-08-02,GB-WLS,quantile,0.550,2.9483561748061407
2026-07-29,ILI incidence,2,2026-08-02,GB-WLS,quantile,0.600,3.9043360354114864
2026-07-29,ILI incidence,2,2026-08-02,GB-WLS,quantile,0.650,5.080387087912051
2026-07-29,ILI incidence,2,2026-08-02,GB-WLS,quantile,0.700,6.240708697078688
2026-07-29,ILI incidence,2,2026-08-02,GB-WLS,quantile,0.750,7.819886344177059
2026-07-29,ILI incidence,2,2026-08-02,GB-WLS,quantile,0.800,9.60877134176357
2026-07-29,ILI incidence,2,2026-08-02,GB-WLS,quantile,0.850,11.824771785814443
2026-07-29,ILI incidence,2,2026-08-02,GB-WLS,quantile,0.900,14.62464159454836
2026-07-29,ILI incidence,2,2026-08-02,GB-WLS,quantile,0.950,19.025939142939503
2026-07-29,ILI incidence,2,2026-08-02,GB-WLS,quantile,0.975,23.719205379068153
2026-07-29,ILI incidence,2,2026-08-02,GB-WLS,quantile,0.990,28.248997046138893
2026-07-29,ILI incidence,2,2026-08-02,GB-WLS,median,,2.1094834123479966
2026-07-29,ILI incidence,3,2026-08-09,GB-WLS,quantile,0.010,0.0
2026-07-29,ILI incidence,3,2026-08-09,GB-WLS,quantile,0.025,0.0
2026-07-29,ILI incidence,3,2026-08-09,GB-WLS,quantile,0.050,0.0
2026-07-29,ILI incidence,3,2026-08-09,GB-WLS,quantile,0.100,0.0
2026-07-29,ILI incidence,3,2026-08-09,GB-WLS,quantile,0.150,0.0
2026-07-29,ILI incidence,3,2026-08-09,GB-WLS,quantile,0.200,0.0
2026-07-29,ILI incidence,3,2026-08-09,GB-WLS,quantile,0.250,0.0
2026-07-29,ILI incidence,3,2026-08-09,GB-WLS,quantile,0.300,0.0
2026-07-29,ILI incidence,3,2026-08-09,GB-WLS,quantile,0.350,0.0
2026-07-29,ILI incidence,3,2026-08-09,GB-WLS,quantile,0.400,0.08792740890993431
2026-07-29,ILI incidence,3,2026-08-09,GB-WLS,quantile,0.450,1.1271341636847776
2026-07-29,ILI incidence,3,2026-08-09,GB-WLS,quantile,0.500,2.225221591498678
2026-07-29,ILI incidence,3,2026-08-09,GB-WLS,quantile,0.550,3.206455331845361
2026-07-29,ILI incidence,3,2026-08-09,GB-WLS,quantile,0.600,4.347693345615546
2026-07-29,ILI incidence,3,2026-08-09,GB-WLS,quantile,0.650,5.567679580955832
2026-07-29,ILI incidence,3,2026-08-09,GB-WLS,quantile,0.700,6.952746178990362
2026-07-29,ILI incidence,3,2026-08-09,GB-WLS,quantile,0.750,8.566244696094289
2026-07-29,ILI incidence,3,2026-08-09,GB-WLS,quantile,0.800,10.679432437251059
2026-07-29,ILI incidence,3,2026-08-09,GB-WLS,quantile,0.850,12.962838620186469
2026-07-29,ILI incidence,3,2026-08-09,GB-WLS,quantile,0.900,15.900257089947141
2026-07-29,ILI incidence,3,2026-08-09,GB-WLS,quantile,0.950,20.803522586958703
2026-07-29,ILI incidence,3,2026-08-09,GB-WLS,quantile,0.975,25.44948717466842
2026-07-29,ILI incidence,3,2026-08-09,GB-WLS,quantile,0.990,30.760330373848532
2026-07-29,ILI incidence,3,2026-08-09,GB-WLS,median,,2.225221591498678
2026-07-29,ILI incidence,4,2026-08-16,GB-WLS,quantile,0.010,0.0
2026-07-29,ILI incidence,4,2026-08-16,GB-WLS,quantile,0.025,0.0
2026-07-29,ILI incidence,4,2026-08-16,GB-WLS,quantile,0.050,0.0
2026-07-29,ILI incidence,4,2026-08-16,GB-WLS,quantile,0.100,0.0
2026-07-29,ILI incidence,4,2026-08-16,GB-WLS,quantile,0.150,0.0
2026-07-29,ILI incidence,4,2026-08-16,GB-WLS,quantile,0.200,0.0
2026-07-29,ILI incidence,4,2026-08-16,GB-WLS,quantile,0.250,0.0
2026-07-29,ILI incidence,4,2026-08-16,GB-WLS,quantile,0.300,0.0
2026-07-29,ILI incidence,4,2026-08-16,GB-WLS,quantile,0.350,0.0
2026-07-29,ILI incidence,4,2026-08-16,GB-WLS,quantile,0.400,0.0
2026-07-29,ILI incidence,4,2026-08-16,GB-WLS,quantile,0.450,1.1675647568129432
2026-07-29,ILI incidence,4,2026-08-16,GB-WLS,quantile,0.500,2.343898735119571
2026-07-29,ILI incidence,4,2026-08-16,GB-WLS,quantile,0.550,3.5826751405953106
2026-07-29,ILI incidence,4,2026-08-16,GB-WLS,quantile,0.600,4.854646583558705
2026-07-29,ILI incidence,4,2026-08-16,GB-WLS,quantile,0.650,6.218954060739586
2026-07-29,ILI incidence,4,2026-08-16,GB-WLS,quantile,0.700,7.760356252813371
2026-07-29,ILI incidence,4,2026-08-16,GB-WLS,quantile,0.750,9.521242435284968
2026-07-29,ILI incidence,4,2026-08-16,GB-WLS,quantile,0.800,11.608127014067204
2026-07-29,ILI incidence,4,2026-08-16,GB-WLS,quantile,0.850,13.97475575610132
2026-07-29,ILI incidence,4,2026-08-16,GB-WLS,quantile,0.900,16.946225326351623
2026-07-29,ILI incidence,4,2026-08-16,GB-WLS,quantile,0.950,22.13620048814175
2026-07-29,ILI incidence,4,2026-08-16,GB-WLS,quantile,0.975,26.655835415239526
2026-07-29,ILI incidence,4,2026-08-16,GB-WLS,quantile,0.990,32.054494959449045
2026-07-29,ILI incidence,4,2026-08-16,GB-WLS,median,,2.343898735119571
2026-07-29,ILI incidence,1,2026-07-26,GB-NIR,quantile,0.010,0.0
2026-07-29,ILI incidence,1,2026-07-26,GB-NIR,quantile,0.025,0.0
2026-07-29,ILI incidence,1,2026-07-26,GB-NIR,quantile,0.050,0.0
2026-07-29,ILI incidence,1,2026-07-26,GB-NIR,quantile,0.100,0.0
2026-07-29,ILI incidence,1,2026-07-26,GB-NIR,quantile,0.150,0.0
2026-07-29,ILI incidence,1,2026-07-26,GB-NIR,quantile,0.200,0.0
2026-07-29,ILI incidence,1,2026-07-26,GB-NIR,quantile,0.250,0.15045470728484078
2026-07-29,ILI incidence,1,2026-07-26,GB-NIR,quantile,0.300,0.43244351015622096
2026-07-29,ILI incidence,1,2026-07-26,GB-NIR,quantile,0.350,0.581437418722814
2026-07-29,ILI incidence,1,2026-07-26,GB-NIR,quantile,0.400,0.7187587822463473
2026-07-29,ILI incidence,1,2026-07-26,GB-NIR,quantile,0.450,0.816558291996861
2026-07-29,ILI incidence,1,2026-07-26,GB-NIR,quantile,0.500,0.9594640063033402
2026-07-29,ILI incidence,1,2026-07-26,GB-NIR,quantile,0.550,1.0964378752797246
2026-07-29,ILI incidence,1,2026-07-26,GB-NIR,quantile,0.600,1.2001122180559305
2026-07-29,ILI incidence,1,2026-07-26,GB-NIR,quantile,0.650,1.312786612960159
2026-07-29,ILI incidence,1,2026-07-26,GB-NIR,quantile,0.700,1.4809064108092103
2026-07-29,ILI incidence,1,2026-07-26,GB-NIR,quantile,0.750,1.7690305635449337
2026-07-29,ILI incidence,1,2026-07-26,GB-NIR,quantile,0.800,2.186523305256949
2026-07-29,ILI incidence,1,2026-07-26,GB-NIR,quantile,0.850,2.6391134476179614
2026-07-29,ILI incidence,1,2026-07-26,GB-NIR,quantile,0.900,3.3255559943245405
2026-07-29,ILI incidence,1,2026-07-26,GB-NIR,quantile,0.950,7.68958032233137
2026-07-29,ILI incidence,1,2026-07-26,GB-NIR,quantile,0.975,13.440658264398188
2026-07-29,ILI incidence,1,2026-07-26,GB-NIR,quantile,0.990,22.258009547313744
2026-07-29,ILI incidence,1,2026-07-26,GB-NIR,median,,0.9594640063033402
2026-07-29,ILI incidence,2,2026-08-02,GB-NIR,quantile,0.010,0.0
2026-07-29,ILI incidence,2,2026-08-02,GB-NIR,quantile,0.025,0.0
2026-07-29,ILI incidence,2,2026-08-02,GB-NIR,quantile,0.050,0.0
2026-07-29,ILI incidence,2,2026-08-02,GB-NIR,quantile,0.100,0.0
2026-07-29,ILI incidence,2,2026-08-02,GB-NIR,quantile,0.150,0.0
2026-07-29,ILI incidence,2,2026-08-02,GB-NIR,quantile,0.200,0.0
2026-07-29,ILI incidence,2,2026-08-02,GB-NIR,quantile,0.250,0.0
2026-07-29,ILI incidence,2,2026-08-02,GB-NIR,quantile,0.300,0.0
2026-07-29,ILI incidence,2,2026-08-02,GB-NIR,quantile,0.350,0.1054055093552176
2026-07-29,ILI incidence,2,2026-08-02,GB-NIR,quantile,0.400,0.41714253796657824
2026-07-29,ILI incidence,2,2026-08-02,GB-NIR,quantile,0.450,0.6792050724664893
2026-07-29,ILI incidence,2,2026-08-02,GB-NIR,quantile,0.500,0.9258476213036508
2026-07-29,ILI incidence,2,2026-08-02,GB-NIR,quantile,0.550,1.1614722875142742
2026-07-29,ILI incidence,2,2026-08-02,GB-NIR,quantile,0.600,1.4385188650677114
2026-07-29,ILI incidence,2,2026-08-02,GB-NIR,quantile,0.650,1.727610344721427
2026-07-29,ILI incidence,2,2026-08-02,GB-NIR,quantile,0.700,2.121943628849818
2026-07-29,ILI incidence,2,2026-08-02,GB-NIR,quantile,0.750,2.5877496680363117
2026-07-29,ILI incidence,2,2026-08-02,GB-NIR,quantile,0.800,3.119558693303539
2026-07-29,ILI incidence,2,2026-08-02,GB-NIR,quantile,0.850,4.006541179510893
2026-07-29,ILI incidence,2,2026-08-02,GB-NIR,quantile,0.900,6.613356260256316
2026-07-29,ILI incidence,2,2026-08-02,GB-NIR,quantile,0.950,13.598586671655932
2026-07-29,ILI incidence,2,2026-08-02,GB-NIR,quantile,0.975,21.75563655925603
2026-07-29,ILI incidence,2,2026-08-02,GB-NIR,quantile,0.990,29.22187083618828
2026-07-29,ILI incidence,2,2026-08-02,GB-NIR,median,,0.9258476213036508
2026-07-29,ILI incidence,3,2026-08-09,GB-NIR,quantile,0.010,0.0
2026-07-29,ILI incidence,3,2026-08-09,GB-NIR,quantile,0.025,0.0
2026-07-29,ILI incidence,3,2026-08-09,GB-NIR,quantile,0.050,0.0
2026-07-29,ILI incidence,3,2026-08-09,GB-NIR,quantile,0.100,0.0
2026-07-29,ILI incidence,3,2026-08-09,GB-NIR,quantile,0.150,0.0
2026-07-29,ILI incidence,3,2026-08-09,GB-NIR,quantile,0.200,0.0
2026-07-29,ILI incidence,3,2026-08-09,GB-NIR,quantile,0.250,0.0
2026-07-29,ILI incidence,3,2026-08-09,GB-NIR,quantile,0.300,0.0
2026-07-29,ILI incidence,3,2026-08-09,GB-NIR,quantile,0.350,0.0
2026-07-29,ILI incidence,3,2026-08-09,GB-NIR,quantile,0.400,0.13300261519285542
2026-07-29,ILI incidence,3,2026-08-09,GB-NIR,quantile,0.450,0.5541179669307503
2026-07-29,ILI incidence,3,2026-08-09,GB-NIR,quantile,0.500,0.958244116133301
2026-07-29,ILI incidence,3,2026-08-09,GB-NIR,quantile,0.550,1.3499971556024104
2026-07-29,ILI incidence,3,2026-08-09,GB-NIR,quantile,0.600,1.8097936118062423
2026-07-29,ILI incidence,3,2026-08-09,GB-NIR,quantile,0.650,2.2576900957579675
2026-07-29,ILI incidence,3,2026-08-09,GB-NIR,quantile,0.700,2.8061896420183654
2026-07-29,ILI incidence,3,2026-08-09,GB-NIR,quantile,0.750,3.451288730980399
2026-07-29,ILI incidence,3,2026-08-09,GB-NIR,quantile,0.800,4.504441354354948
2026-07-29,ILI incidence,3,2026-08-09,GB-NIR,quantile,0.850,6.623979127996548
2026-07-29,ILI incidence,3,2026-08-09,GB-NIR,quantile,0.900,10.98008880213391
2026-07-29,ILI incidence,3,2026-08-09,GB-NIR,quantile,0.950,17.644921283589508
2026-07-29,ILI incidence,3,2026-08-09,GB-NIR,quantile,0.975,26.794089609409365
2026-07-29,ILI incidence,3,2026-08-09,GB-NIR,quantile,0.990,32.058075326328805
2026-07-29,ILI incidence,3,2026-08-09,GB-NIR,median,,0.958244116133301
2026-07-29,ILI incidence,4,2026-08-16,GB-NIR,quantile,0.010,0.0
2026-07-29,ILI incidence,4,2026-08-16,GB-NIR,quantile,0.025,0.0
2026-07-29,ILI incidence,4,2026-08-16,GB-NIR,quantile,0.050,0.0
2026-07-29,ILI incidence,4,2026-08-16,GB-NIR,quantile,0.100,0.0
2026-07-29,ILI incidence,4,2026-08-16,GB-NIR,quantile,0.150,0.0
2026-07-29,ILI incidence,4,2026-08-16,GB-NIR,quantile,0.200,0.0
2026-07-29,ILI incidence,4,2026-08-16,GB-NIR,quantile,0.250,0.0
2026-07-29,ILI incidence,4,2026-08-16,GB-NIR,quantile,0.300,0.0
2026-07-29,ILI incidence,4,2026-08-16,GB-NIR,quantile,0.350,0.0
2026-07-29,ILI incidence,4,2026-08-16,GB-NIR,quantile,0.400,0.0
2026-07-29,ILI incidence,4,2026-08-16,GB-NIR,quantile,0.450,0.44818085841277294
2026-07-29,ILI incidence,4,2026-08-16,GB-NIR,quantile,0.500,0.962705904163295
2026-07-29,ILI incidence,4,2026-08-16,GB-NIR,quantile,0.550,1.511339898180252
2026-07-29,ILI incidence,4,2026-08-16,GB-NIR,quantile,0.600,2.085296767009779
2026-07-29,ILI incidence,4,2026-08-16,GB-NIR,quantile,0.650,2.741406057661293
2026-07-29,ILI incidence,4,2026-08-16,GB-NIR,quantile,0.700,3.4720829707854968
2026-07-29,ILI incidence,4,2026-08-16,GB-NIR,quantile,0.750,4.474524004073683
2026-07-29,ILI incidence,4,2026-08-16,GB-NIR,quantile,0.800,6.0579203400270965
2026-07-29,ILI incidence,4,2026-08-16,GB-NIR,quantile,0.850,9.018622966067829
2026-07-29,ILI incidence,4,2026-08-16,GB-NIR,quantile,0.900,13.421863977948414
2026-07-29,ILI incidence,4,2026-08-16,GB-NIR,quantile,0.950,21.20780719954669
2026-07-29,ILI incidence,4,2026-08-16,GB-NIR,quantile,0.975,29.327461684403804
2026-07-29,ILI incidence,4,2026-08-16,GB-NIR,quantile,0.990,33.599875532515725
2026-07-29,ILI incidence,4,2026-08-16,GB-NIR,median,,0.962705904163295
2026-07-29,ARI incidence,1,2026-07-26,GB-WLS,quantile,0.010,0.0
2026-07-29,ARI incidence,1,2026-07-26,GB-WLS,quantile,0.025,0.0
2026-07-29,ARI incidence,1,2026-07-26,GB-WLS,quantile,0.050,0.0
2026-07-29,ARI incidence,1,2026-07-26,GB-WLS,quantile,0.100,4.83038003015727
2026-07-29,ARI incidence,1,2026-07-26,GB-WLS,quantile,0.150,29.810471212265472
2026-07-29,ARI incidence,1,2026-07-26,GB-WLS,quantile,0.200,48.696597727931504
2026-07-29,ARI incidence,1,2026-07-26,GB-WLS,quantile,0.250,64.90003604577859
2026-07-29,ARI incidence,1,2026-07-26,GB-WLS,quantile,0.300,79.36907142945752
2026-07-29,ARI incidence,1,2026-07-26,GB-WLS,quantile,0.350,91.55820347818668
2026-07-29,ARI incidence,1,2026-07-26,GB-WLS,quantile,0.400,102.94780590165459
2026-07-29,ARI incidence,1,2026-07-26,GB-WLS,quantile,0.450,114.88615968301944
2026-07-29,ARI incidence,1,2026-07-26,GB-WLS,quantile,0.500,125.23690783931028
2026-07-29,ARI incidence,1,2026-07-26,GB-WLS,quantile,0.550,135.93554520328166
2026-07-29,ARI incidence,1,2026-07-26,GB-WLS,quantile,0.600,146.50174729926653
2026-07-29,ARI incidence,1,2026-07-26,GB-WLS,quantile,0.650,158.67079792809767
2026-07-29,ARI incidence,1,2026-07-26,GB-WLS,quantile,0.700,171.63947555299936
2026-07-29,ARI incidence,1,2026-07-26,GB-WLS,quantile,0.750,185.46493391795227
2026-07-29,ARI incidence,1,2026-07-26,GB-WLS,quantile,0.800,202.2966025388182
2026-07-29,ARI incidence,1,2026-07-26,GB-WLS,quantile,0.850,221.9882327642713
2026-07-29,ARI incidence,1,2026-07-26,GB-WLS,quantile,0.900,247.86938508667615
2026-07-29,ARI incidence,1,2026-07-26,GB-WLS,quantile,0.950,291.30570505674353
2026-07-29,ARI incidence,1,2026-07-26,GB-WLS,quantile,0.975,331.91249009147305
2026-07-29,ARI incidence,1,2026-07-26,GB-WLS,quantile,0.990,375.07599854762765
2026-07-29,ARI incidence,1,2026-07-26,GB-WLS,median,,125.23690783931028
2026-07-29,ARI incidence,2,2026-08-02,GB-WLS,quantile,0.010,0.0
2026-07-29,ARI incidence,2,2026-08-02,GB-WLS,quantile,0.025,0.0
2026-07-29,ARI incidence,2,2026-08-02,GB-WLS,quantile,0.050,0.0
2026-07-29,ARI incidence,2,2026-08-02,GB-WLS,quantile,0.100,0.0
2026-07-29,ARI incidence,2,2026-08-02,GB-WLS,quantile,0.150,16.74276989482185
2026-07-29,ARI incidence,2,2026-08-02,GB-WLS,quantile,0.200,37.59620212442128
2026-07-29,ARI incidence,2,2026-08-02,GB-WLS,quantile,0.250,57.08938286897252
2026-07-29,ARI incidence,2,2026-08-02,GB-WLS,quantile,0.300,72.43834485550661
2026-07-29,ARI incidence,2,2026-08-02,GB-WLS,quantile,0.350,86.27750369760997
2026-07-29,ARI incidence,2,2026-08-02,GB-WLS,quantile,0.400,99.36122053005487
2026-07-29,ARI incidence,2,2026-08-02,GB-WLS,quantile,0.450,112.08200554562171
2026-07-29,ARI incidence,2,2026-08-02,GB-WLS,quantile,0.500,124.86666603277826
2026-07-29,ARI incidence,2,2026-08-02,GB-WLS,quantile,0.550,137.86053363437736
2026-07-29,ARI incidence,2,2026-08-02,GB-WLS,quantile,0.600,150.47604616946725
2026-07-29,ARI incidence,2,2026-08-02,GB-WLS,quantile,0.650,164.33585374953842
2026-07-29,ARI incidence,2,2026-08-02,GB-WLS,quantile,0.700,179.54302841190298
2026-07-29,ARI incidence,2,2026-08-02,GB-WLS,quantile,0.750,194.92418259707728
2026-07-29,ARI incidence,2,2026-08-02,GB-WLS,quantile,0.800,213.0148726950574
2026-07-29,ARI incidence,2,2026-08-02,GB-WLS,quantile,0.850,236.01679855155012
2026-07-29,ARI incidence,2,2026-08-02,GB-WLS,quantile,0.900,264.5167036300814
2026-07-29,ARI incidence,2,2026-08-02,GB-WLS,quantile,0.950,309.0414352587278
2026-07-29,ARI incidence,2,2026-08-02,GB-WLS,quantile,0.975,348.20867475188913
2026-07-29,ARI incidence,2,2026-08-02,GB-WLS,quantile,0.990,392.62643593687005
2026-07-29,ARI incidence,2,2026-08-02,GB-WLS,median,,124.86666603277826
2026-07-29,ARI incidence,3,2026-08-09,GB-WLS,quantile,0.010,0.0
2026-07-29,ARI incidence,3,2026-08-09,GB-WLS,quantile,0.025,0.0
2026-07-29,ARI incidence,3,2026-08-09,GB-WLS,quantile,0.050,0.0
2026-07-29,ARI incidence,3,2026-08-09,GB-WLS,quantile,0.100,0.0
2026-07-29,ARI incidence,3,2026-08-09,GB-WLS,quantile,0.150,5.4681399239856905
2026-07-29,ARI incidence,3,2026-08-09,GB-WLS,quantile,0.200,29.081768997824266
2026-07-29,ARI incidence,3,2026-08-09,GB-WLS,quantile,0.250,50.203047755625335
2026-07-29,ARI incidence,3,2026-08-09,GB-WLS,quantile,0.300,66.6807131714065
2026-07-29,ARI incidence,3,2026-08-09,GB-WLS,quantile,0.350,82.08543681618252
2026-07-29,ARI incidence,3,2026-08-09,GB-WLS,quantile,0.400,97.21795512675936
2026-07-29,ARI incidence,3,2026-08-09,GB-WLS,quantile,0.450,112.39362027239274
2026-07-29,ARI incidence,3,2026-08-09,GB-WLS,quantile,0.500,126.26401413183191
2026-07-29,ARI incidence,3,2026-08-09,GB-WLS,quantile,0.550,140.8508253442923
2026-07-29,ARI incidence,3,2026-08-09,GB-WLS,quantile,0.600,154.51034675626346
2026-07-29,ARI incidence,3,2026-08-09,GB-WLS,quantile,0.650,169.00622918121275
2026-07-29,ARI incidence,3,2026-08-09,GB-WLS,quantile,0.700,185.35265440257606
2026-07-29,ARI incidence,3,2026-08-09,GB-WLS,quantile,0.750,203.0328065920135
2026-07-29,ARI incidence,3,2026-08-09,GB-WLS,quantile,0.800,222.5805765927847
2026-07-29,ARI incidence,3,2026-08-09,GB-WLS,quantile,0.850,247.64272790728566
2026-07-29,ARI incidence,3,2026-08-09,GB-WLS,quantile,0.900,279.5739894190411
2026-07-29,ARI incidence,3,2026-08-09,GB-WLS,quantile,0.950,323.48945581758585
2026-07-29,ARI incidence,3,2026-08-09,GB-WLS,quantile,0.975,364.6817851084695
2026-07-29,ARI incidence,3,2026-08-09,GB-WLS,quantile,0.990,413.2307748972832
2026-07-29,ARI incidence,3,2026-08-09,GB-WLS,median,,126.26401413183191
2026-07-29,ARI incidence,4,2026-08-16,GB-WLS,quantile,0.010,0.0
2026-07-29,ARI incidence,4,2026-08-16,GB-WLS,quantile,0.025,0.0
2026-07-29,ARI incidence,4,2026-08-16,GB-WLS,quantile,0.050,0.0
2026-07-29,ARI incidence,4,2026-08-16,GB-WLS,quantile,0.100,0.0
2026-07-29,ARI incidence,4,2026-08-16,GB-WLS,quantile,0.150,0.0
2026-07-29,ARI incidence,4,2026-08-16,GB-WLS,quantile,0.200,19.42249028980213
2026-07-29,ARI incidence,4,2026-08-16,GB-WLS,quantile,0.250,41.94438586092845
2026-07-29,ARI incidence,4,2026-08-16,GB-WLS,quantile,0.300,62.013604236551615
2026-07-29,ARI incidence,4,2026-08-16,GB-WLS,quantile,0.350,79.59270575030129
2026-07-29,ARI incidence,4,2026-08-16,GB-WLS,quantile,0.400,94.84319379995218
2026-07-29,ARI incidence,4,2026-08-16,GB-WLS,quantile,0.450,111.01143180961321
2026-07-29,ARI incidence,4,2026-08-16,GB-WLS,quantile,0.500,126.35413253210416
2026-07-29,ARI incidence,4,2026-08-16,GB-WLS,quantile,0.550,142.05319371159044
2026-07-29,ARI incidence,4,2026-08-16,GB-WLS,quantile,0.600,158.12530346324925
2026-07-29,ARI incidence,4,2026-08-16,GB-WLS,quantile,0.650,174.54220325829996
2026-07-29,ARI incidence,4,2026-08-16,GB-WLS,quantile,0.700,191.9320777896098
2026-07-29,ARI incidence,4,2026-08-16,GB-WLS,quantile,0.750,210.63715636110155
2026-07-29,ARI incidence,4,2026-08-16,GB-WLS,quantile,0.800,232.29707231308066
2026-07-29,ARI incidence,4,2026-08-16,GB-WLS,quantile,0.850,257.93791208018223
2026-07-29,ARI incidence,4,2026-08-16,GB-WLS,quantile,0.900,291.45430536191844
2026-07-29,ARI incidence,4,2026-08-16,GB-WLS,quantile,0.950,337.0965932906941
2026-07-29,ARI incidence,4,2026-08-16,GB-WLS,quantile,0.975,380.26099980010537
2026-07-29,ARI incidence,4,2026-08-16,GB-WLS,quantile,0.990,438.72409606843684
2026-07-29,ARI incidence,4,2026-08-16,GB-WLS,median,,126.35413253210416
2026-07-29,ARI incidence,1,2026-07-26,GB-NIR,quantile,0.010,7.274239027949207
2026-07-29,ARI incidence,1,2026-07-26,GB-NIR,quantile,0.025,39.739230060588525
2026-07-29,ARI incidence,1,2026-07-26,GB-NIR,quantile,0.050,44.34926496837899
2026-07-29,ARI incidence,1,2026-07-26,GB-NIR,quantile,0.100,56.50299254372378
2026-07-29,ARI incidence,1,2026-07-26,GB-NIR,quantile,0.150,66.46197250459954
2026-07-29,ARI incidence,1,2026-07-26,GB-NIR,quantile,0.200,70.22962483372966
2026-07-29,ARI incidence,1,2026-07-26,GB-NIR,quantile,0.250,73.72884141338317
2026-07-29,ARI incidence,1,2026-07-26,GB-NIR,quantile,0.300,79.03628590954143
2026-07-29,ARI incidence,1,2026-07-26,GB-NIR,quantile,0.350,81.29591774094403
2026-07-29,ARI incidence,1,2026-07-26,GB-NIR,quantile,0.400,83.62652792772887
2026-07-29,ARI incidence,1,2026-07-26,GB-NIR,quantile,0.450,85.66040784499785
2026-07-29,ARI incidence,1,2026-07-26,GB-NIR,quantile,0.500,88.33211480229203
2026-07-29,ARI incidence,1,2026-07-26,GB-NIR,quantile,0.550,91.02904022732353
2026-07-29,ARI incidence,1,2026-07-26,GB-NIR,quantile,0.600,92.48921418647073
2026-07-29,ARI incidence,1,2026-07-26,GB-NIR,quantile,0.650,95.05536132781583
2026-07-29,ARI incidence,1,2026-07-26,GB-NIR,quantile,0.700,97.62085197833933
2026-07-29,ARI incidence,1,2026-07-26,GB-NIR,quantile,0.750,103.43964908420502
2026-07-29,ARI incidence,1,2026-07-26,GB-NIR,quantile,0.800,106.93886566385852
2026-07-29,ARI incidence,1,2026-07-26,GB-NIR,quantile,0.850,110.70651799298864
2026-07-29,ARI incidence,1,2026-07-26,GB-NIR,quantile,0.900,120.6654979538644
2026-07-29,ARI incidence,1,2026-07-26,GB-NIR,quantile,0.950,132.81922552920918
2026-07-29,ARI incidence,1,2026-07-26,GB-NIR,quantile,0.975,145.98140824550214
2026-07-29,ARI incidence,1,2026-07-26,GB-NIR,quantile,0.990,169.89425146963896
2026-07-29,ARI incidence,1,2026-07-26,GB-NIR,median,,88.33211480229203
2026-07-29,ARI incidence,2,2026-08-02,GB-NIR,quantile,0.010,0.0
2026-07-29,ARI incidence,2,2026-08-02,GB-NIR,quantile,0.025,10.24791123197825
2026-07-29,ARI incidence,2,2026-08-02,GB-NIR,quantile,0.050,26.554839496686164
2026-07-29,ARI incidence,2,2026-08-02,GB-NIR,quantile,0.100,43.12591012991854
2026-07-29,ARI incidence,2,2026-08-02,GB-NIR,quantile,0.150,52.972904528918605
2026-07-29,ARI incidence,2,2026-08-02,GB-NIR,quantile,0.200,60.45629882553742
2026-07-29,ARI incidence,2,2026-08-02,GB-NIR,quantile,0.250,66.22482357309714
2026-07-29,ARI incidence,2,2026-08-02,GB-NIR,quantile,0.300,71.57433828135275
2026-07-29,ARI incidence,2,2026-08-02,GB-NIR,quantile,0.350,76.16289142824712
2026-07-29,ARI incidence,2,2026-08-02,GB-NIR,quantile,0.400,80.56129267474303
2026-07-29,ARI incidence,2,2026-08-02,GB-NIR,quantile,0.450,84.68084447333564
2026-07-29,ARI incidence,2,2026-08-02,GB-NIR,quantile,0.500,88.58424524879409
2026-07-29,ARI incidence,2,2026-08-02,GB-NIR,quantile,0.550,92.49359388030604
2026-07-29,ARI incidence,2,2026-08-02,GB-NIR,quantile,0.600,96.5822322756907
2026-07-29,ARI incidence,2,2026-08-02,GB-NIR,quantile,0.650,101.17327043023103
2026-07-29,ARI incidence,2,2026-08-02,GB-NIR,quantile,0.700,105.62169690097994
2026-07-29,ARI incidence,2,2026-08-02,GB-NIR,quantile,0.750,110.90013081331294
2026-07-29,ARI incidence,2,2026-08-02,GB-NIR,quantile,0.800,116.61082315227475
2026-07-29,ARI incidence,2,2026-08-02,GB-NIR,quantile,0.850,123.95619894998558
2026-07-29,ARI incidence,2,2026-08-02,GB-NIR,quantile,0.900,133.58604626058963
2026-07-29,ARI incidence,2,2026-08-02,GB-NIR,quantile,0.950,150.8900067824071
2026-07-29,ARI incidence,2,2026-08-02,GB-NIR,quantile,0.975,167.44965807366418
2026-07-29,ARI incidence,2,2026-08-02,GB-NIR,quantile,0.990,183.71414129555143
2026-07-29,ARI incidence,2,2026-08-02,GB-NIR,median,,88.58424524879409
2026-07-29,ARI incidence,3,2026-08-09,GB-NIR,quantile,0.010,0.0
2026-07-29,ARI incidence,3,2026-08-09,GB-NIR,quantile,0.025,0.0
2026-07-29,ARI incidence,3,2026-08-09,GB-NIR,quantile,0.050,14.134655350817773
2026-07-29,ARI incidence,3,2026-08-09,GB-NIR,quantile,0.100,32.67393256974755
2026-07-29,ARI incidence,3,2026-08-09,GB-NIR,quantile,0.150,44.1395031497066
2026-07-29,ARI incidence,3,2026-08-09,GB-NIR,quantile,0.200,52.90184095873746
2026-07-29,ARI incidence,3,2026-08-09,GB-NIR,quantile,0.250,60.01887079527165
2026-07-29,ARI incidence,3,2026-08-09,GB-NIR,quantile,0.300,66.37242466527776
2026-07-29,ARI incidence,3,2026-08-09,GB-NIR,quantile,0.350,72.21426240227481
2026-07-29,ARI incidence,3,2026-08-09,GB-NIR,quantile,0.400,77.97544288569307
2026-07-29,ARI incidence,3,2026-08-09,GB-NIR,quantile,0.450,83.12905813619444
2026-07-29,ARI incidence,3,2026-08-09,GB-NIR,quantile,0.500,88.69913261387379
2026-07-29,ARI incidence,3,2026-08-09,GB-NIR,quantile,0.550,93.83169346957966
2026-07-29,ARI incidence,3,2026-08-09,GB-NIR,quantile,0.600,98.99035987706165
2026-07-29,ARI incidence,3,2026-08-09,GB-NIR,quantile,0.650,104.56732386286012
2026-07-29,ARI incidence,3,2026-08-09,GB-NIR,quantile,0.700,109.94629494082996
2026-07-29,ARI incidence,3,2026-08-09,GB-NIR,quantile,0.750,116.6865301989775
2026-07-29,ARI incidence,3,2026-08-09,GB-NIR,quantile,0.800,124.36548879584659
2026-07-29,ARI incidence,3,2026-08-09,GB-NIR,quantile,0.850,132.96227127977517
2026-07-29,ARI incidence,3,2026-08-09,GB-NIR,quantile,0.900,145.13834965594094
2026-07-29,ARI incidence,3,2026-08-09,GB-NIR,quantile,0.950,163.31444074940325
2026-07-29,ARI incidence,3,2026-08-09,GB-NIR,quantile,0.975,181.0867441868208
2026-07-29,ARI incidence,3,2026-08-09,GB-NIR,quantile,0.990,201.22701933608414
2026-07-29,ARI incidence,3,2026-08-09,GB-NIR,median,,88.69913261387379
2026-07-29,ARI incidence,4,2026-08-16,GB-NIR,quantile,0.010,0.0
2026-07-29,ARI incidence,4,2026-08-16,GB-NIR,quantile,0.025,0.0
2026-07-29,ARI incidence,4,2026-08-16,GB-NIR,quantile,0.050,2.7122268860180663
2026-07-29,ARI incidence,4,2026-08-16,GB-NIR,quantile,0.100,22.9688266800411
2026-07-29,ARI incidence,4,2026-08-16,GB-NIR,quantile,0.150,36.01574679090842
2026-07-29,ARI incidence,4,2026-08-16,GB-NIR,quantile,0.200,46.22178078692324
2026-07-29,ARI incidence,4,2026-08-16,GB-NIR,quantile,0.250,55.20954268131312
2026-07-29,ARI incidence,4,2026-08-16,GB-NIR,quantile,0.300,62.78483070280698
2026-07-29,ARI incidence,4,2026-08-16,GB-NIR,quantile,0.350,69.91577774195531
2026-07-29,ARI incidence,4,2026-08-16,GB-NIR,quantile,0.400,76.21333906694467
2026-07-29,ARI incidence,4,2026-08-16,GB-NIR,quantile,0.450,82.71016129443007
2026-07-29,ARI incidence,4,2026-08-16,GB-NIR,quantile,0.500,88.85084608454238
2026-07-29,ARI incidence,4,2026-08-16,GB-NIR,quantile,0.550,94.62283472481445
2026-07-29,ARI incidence,4,2026-08-16,GB-NIR,quantile,0.600,100.7408871187924
2026-07-29,ARI incidence,4,2026-08-16,GB-NIR,quantile,0.650,107.3815976292936
2026-07-29,ARI incidence,4,2026-08-16,GB-NIR,quantile,0.700,114.46050871406234
2026-07-29,ARI incidence,4,2026-08-16,GB-NIR,quantile,0.750,122.63441652642692
2026-07-29,ARI incidence,4,2026-08-16,GB-NIR,quantile,0.800,130.9659619349942
2026-07-29,ARI incidence,4,2026-08-16,GB-NIR,quantile,0.850,141.02235125740646
2026-07-29,ARI incidence,4,2026-08-16,GB-NIR,quantile,0.900,153.88082958999647
2026-07-29,ARI incidence,4,2026-08-16,GB-NIR,quantile,0.950,174.91438583491507
2026-07-29,ARI incidence,4,2026-08-16,GB-NIR,quantile,0.975,193.0214089851019
2026-07-29,ARI incidence,4,2026-08-16,GB-NIR,quantile,0.990,217.67643379899368
2026-07-29,ARI incidence,4,2026-08-16,GB-NIR,median,,88.85084608454238
