origin_date,target,horizon,target_end_date,location,output_type,output_type_id,value
2026-07-08,ILI incidence,1,2026-07-05,CH,quantile,0.010,0.0
2026-07-08,ILI incidence,1,2026-07-05,CH,quantile,0.025,0.0
2026-07-08,ILI incidence,1,2026-07-05,CH,quantile,0.050,0.0
2026-07-08,ILI incidence,1,2026-07-05,CH,quantile,0.100,0.0
2026-07-08,ILI incidence,1,2026-07-05,CH,quantile,0.150,0.0
2026-07-08,ILI incidence,1,2026-07-05,CH,quantile,0.200,0.0
2026-07-08,ILI incidence,1,2026-07-05,CH,quantile,0.250,3.0673898373070205
2026-07-08,ILI incidence,1,2026-07-05,CH,quantile,0.300,6.201412534548405
2026-07-08,ILI incidence,1,2026-07-05,CH,quantile,0.350,8.93258434574461
2026-07-08,ILI incidence,1,2026-07-05,CH,quantile,0.400,10.738017717948265
2026-07-08,ILI incidence,1,2026-07-05,CH,quantile,0.450,11.864367389355019
2026-07-08,ILI incidence,1,2026-07-05,CH,quantile,0.500,12.409676158086222
2026-07-08,ILI incidence,1,2026-07-05,CH,quantile,0.550,13.15568038312348
2026-07-08,ILI incidence,1,2026-07-05,CH,quantile,0.600,14.126965817226965
2026-07-08,ILI incidence,1,2026-07-05,CH,quantile,0.650,16.136205607639376
2026-07-08,ILI incidence,1,2026-07-05,CH,quantile,0.700,18.86737741883558
2026-07-08,ILI incidence,1,2026-07-05,CH,quantile,0.750,22.001400116076965
2026-07-08,ILI incidence,1,2026-07-05,CH,quantile,0.800,25.363711393485524
2026-07-08,ILI incidence,1,2026-07-05,CH,quantile,0.850,29.02646488421361
2026-07-08,ILI incidence,1,2026-07-05,CH,quantile,0.900,44.003695869158655
2026-07-08,ILI incidence,1,2026-07-05,CH,quantile,0.950,73.97450070791719
2026-07-08,ILI incidence,1,2026-07-05,CH,quantile,0.975,99.31169974983669
2026-07-08,ILI incidence,1,2026-07-05,CH,quantile,0.990,134.6264085200125
2026-07-08,ILI incidence,1,2026-07-05,CH,median,,12.409676158086222
2026-07-08,ILI incidence,2,2026-07-12,CH,quantile,0.010,0.0
2026-07-08,ILI incidence,2,2026-07-12,CH,quantile,0.025,0.0
2026-07-08,ILI incidence,2,2026-07-12,CH,quantile,0.050,0.0
2026-07-08,ILI incidence,2,2026-07-12,CH,quantile,0.100,0.0
2026-07-08,ILI incidence,2,2026-07-12,CH,quantile,0.150,0.0
2026-07-08,ILI incidence,2,2026-07-12,CH,quantile,0.200,0.0
2026-07-08,ILI incidence,2,2026-07-12,CH,quantile,0.250,0.0
2026-07-08,ILI incidence,2,2026-07-12,CH,quantile,0.300,0.2075015212443049
2026-07-08,ILI incidence,2,2026-07-12,CH,quantile,0.350,4.446768361169141
2026-07-08,ILI incidence,2,2026-07-12,CH,quantile,0.400,7.4795691258461865
2026-07-08,ILI incidence,2,2026-07-12,CH,quantile,0.450,10.64775832148201
2026-07-08,ILI incidence,2,2026-07-12,CH,quantile,0.500,12.641226598861444
2026-07-08,ILI incidence,2,2026-07-12,CH,quantile,0.550,15.288098078511911
2026-07-08,ILI incidence,2,2026-07-12,CH,quantile,0.600,18.471391685686523
2026-07-08,ILI incidence,2,2026-07-12,CH,quantile,0.650,21.796645796014644
2026-07-08,ILI incidence,2,2026-07-12,CH,quantile,0.700,25.53441606395666
2026-07-08,ILI incidence,2,2026-07-12,CH,quantile,0.750,29.696492471550584
2026-07-08,ILI incidence,2,2026-07-12,CH,quantile,0.800,36.73169269504343
2026-07-08,ILI incidence,2,2026-07-12,CH,quantile,0.850,47.133166712061445
2026-07-08,ILI incidence,2,2026-07-12,CH,quantile,0.900,67.78957601849733
2026-07-08,ILI incidence,2,2026-07-12,CH,quantile,0.950,99.49529644710665
2026-07-08,ILI incidence,2,2026-07-12,CH,quantile,0.975,131.4253000652022
2026-07-08,ILI incidence,2,2026-07-12,CH,quantile,0.990,178.21585613716655
2026-07-08,ILI incidence,2,2026-07-12,CH,median,,12.641226598861444
2026-07-08,ILI incidence,3,2026-07-19,CH,quantile,0.010,0.0
2026-07-08,ILI incidence,3,2026-07-19,CH,quantile,0.025,0.0
2026-07-08,ILI incidence,3,2026-07-19,CH,quantile,0.050,0.0
2026-07-08,ILI incidence,3,2026-07-19,CH,quantile,0.100,0.0
2026-07-08,ILI incidence,3,2026-07-19,CH,quantile,0.150,0.0
2026-07-08,ILI incidence,3,2026-07-19,CH,quantile,0.200,0.0
2026-07-08,ILI incidence,3,2026-07-19,CH,quantile,0.250,0.0
2026-07-08,ILI incidence,3,2026-07-19,CH,quantile,0.300,0.0
2026-07-08,ILI incidence,3,2026-07-19,CH,quantile,0.350,0.0
2026-07-08,ILI incidence,3,2026-07-19,CH,quantile,0.400,3.8209983528049327
2026-07-08,ILI incidence,3,2026-07-19,CH,quantile,0.450,8.061883088222897
2026-07-08,ILI incidence,3,2026-07-19,CH,quantile,0.500,12.515978187108308
2026-07-08,ILI incidence,3,2026-07-19,CH,quantile,0.550,16.401184051793525
2026-07-08,ILI incidence,3,2026-07-19,CH,quantile,0.600,20.834130858770255
2026-07-08,ILI incidence,3,2026-07-19,CH,quantile,0.650,25.625757984684935
2026-07-08,ILI incidence,3,2026-07-19,CH,quantile,0.700,30.91460945310406
2026-07-08,ILI incidence,3,2026-07-19,CH,quantile,0.750,37.778125251889506
2026-07-08,ILI incidence,3,2026-07-19,CH,quantile,0.800,47.306359523222845
2026-07-08,ILI incidence,3,2026-07-19,CH,quantile,0.850,61.74803005659201
2026-07-08,ILI incidence,3,2026-07-19,CH,quantile,0.900,83.6390363928199
2026-07-08,ILI incidence,3,2026-07-19,CH,quantile,0.950,116.35177827853242
2026-07-08,ILI incidence,3,2026-07-19,CH,quantile,0.975,146.92532280780839
2026-07-08,ILI incidence,3,2026-07-19,CH,quantile,0.990,186.15534201280272
2026-07-08,ILI incidence,3,2026-07-19,CH,median,,12.515978187108308
2026-07-08,ILI incidence,4,2026-07-26,CH,quantile,0.010,0.0
2026-07-08,ILI incidence,4,2026-07-26,CH,quantile,0.025,0.0
2026-07-08,ILI incidence,4,2026-07-26,CH,quantile,0.050,0.0
2026-07-08,ILI incidence,4,2026-07-26,CH,quantile,0.100,0.0
2026-07-08,ILI incidence,4,2026-07-26,CH,quantile,0.150,0.0
2026-07-08,ILI incidence,4,2026-07-26,CH,quantile,0.200,0.0
2026-07-08,ILI incidence,4,2026-07-26,CH,quantile,0.250,0.0
2026-07-08,ILI incidence,4,2026-07-26,CH,quantile,0.300,0.0
2026-07-08,ILI incidence,4,2026-07-26,CH,quantile,0.350,0.0
2026-07-08,ILI incidence,4,2026-07-26,CH,quantile,0.400,0.8833245462880126
2026-07-08,ILI incidence,4,2026-07-26,CH,quantile,0.450,6.765864480513669
2026-07-08,ILI incidence,4,2026-07-26,CH,quantile,0.500,12.286677287092218
2026-07-08,ILI incidence,4,2026-07-26,CH,quantile,0.550,17.846706322388364
2026-07-08,ILI incidence,4,2026-07-26,CH,quantile,0.600,23.29631683786697
2026-07-08,ILI incidence,4,2026-07-26,CH,quantile,0.650,29.16161627137059
2026-07-08,ILI incidence,4,2026-07-26,CH,quantile,0.700,36.62287288866602
2026-07-08,ILI incidence,4,2026-07-26,CH,quantile,0.750,46.110128358322655
2026-07-08,ILI incidence,4,2026-07-26,CH,quantile,0.800,57.75348825909851
2026-07-08,ILI incidence,4,2026-07-26,CH,quantile,0.850,74.18236286032717
2026-07-08,ILI incidence,4,2026-07-26,CH,quantile,0.900,97.25143274683208
2026-07-08,ILI incidence,4,2026-07-26,CH,quantile,0.950,133.1972211687349
2026-07-08,ILI incidence,4,2026-07-26,CH,quantile,0.975,169.34772933365403
2026-07-08,ILI incidence,4,2026-07-26,CH,quantile,0.990,202.09467278766357
2026-07-08,ILI incidence,4,2026-07-26,CH,median,,12.286677287092218
2026-07-08,ILI incidence,1,2026-07-05,GB-ENG,quantile,0.010,0.0
2026-07-08,ILI incidence,1,2026-07-05,GB-ENG,quantile,0.025,0.0
2026-07-08,ILI incidence,1,2026-07-05,GB-ENG,quantile,0.050,0.0
2026-07-08,ILI incidence,1,2026-07-05,GB-ENG,quantile,0.100,0.0
2026-07-08,ILI incidence,1,2026-07-05,GB-ENG,quantile,0.150,0.0
2026-07-08,ILI incidence,1,2026-07-05,GB-ENG,quantile,0.200,0.0
2026-07-08,ILI incidence,1,2026-07-05,GB-ENG,quantile,0.250,0.0
2026-07-08,ILI incidence,1,2026-07-05,GB-ENG,quantile,0.300,0.0
2026-07-08,ILI incidence,1,2026-07-05,GB-ENG,quantile,0.350,0.12180302824557984
2026-07-08,ILI incidence,1,2026-07-05,GB-ENG,quantile,0.400,0.5161072482163341
2026-07-08,ILI incidence,1,2026-07-05,GB-ENG,quantile,0.450,0.8694527328974234
2026-07-08,ILI incidence,1,2026-07-05,GB-ENG,quantile,0.500,1.2091640476949475
2026-07-08,ILI incidence,1,2026-07-05,GB-ENG,quantile,0.550,1.5805635475881294
2026-07-08,ILI incidence,1,2026-07-05,GB-ENG,quantile,0.600,1.9360317236670415
2026-07-08,ILI incidence,1,2026-07-05,GB-ENG,quantile,0.650,2.32187981782413
2026-07-08,ILI incidence,1,2026-07-05,GB-ENG,quantile,0.700,2.782360576290559
2026-07-08,ILI incidence,1,2026-07-05,GB-ENG,quantile,0.750,3.290587280920158
2026-07-08,ILI incidence,1,2026-07-05,GB-ENG,quantile,0.800,4.0684595720359855
2026-07-08,ILI incidence,1,2026-07-05,GB-ENG,quantile,0.850,5.026577304173249
2026-07-08,ILI incidence,1,2026-07-05,GB-ENG,quantile,0.900,6.369919310853812
2026-07-08,ILI incidence,1,2026-07-05,GB-ENG,quantile,0.950,8.190038182874556
2026-07-08,ILI incidence,1,2026-07-05,GB-ENG,quantile,0.975,10.02362078584867
2026-07-08,ILI incidence,1,2026-07-05,GB-ENG,quantile,0.990,11.884146254424738
2026-07-08,ILI incidence,1,2026-07-05,GB-ENG,median,,1.2091640476949475
2026-07-08,ILI incidence,2,2026-07-12,GB-ENG,quantile,0.010,0.0
2026-07-08,ILI incidence,2,2026-07-12,GB-ENG,quantile,0.025,0.0
2026-07-08,ILI incidence,2,2026-07-12,GB-ENG,quantile,0.050,0.0
2026-07-08,ILI incidence,2,2026-07-12,GB-ENG,quantile,0.100,0.0
2026-07-08,ILI incidence,2,2026-07-12,GB-ENG,quantile,0.150,0.0
2026-07-08,ILI incidence,2,2026-07-12,GB-ENG,quantile,0.200,0.0
2026-07-08,ILI incidence,2,2026-07-12,GB-ENG,quantile,0.250,0.0
2026-07-08,ILI incidence,2,2026-07-12,GB-ENG,quantile,0.300,0.0
2026-07-08,ILI incidence,2,2026-07-12,GB-ENG,quantile,0.350,0.0
2026-07-08,ILI incidence,2,2026-07-12,GB-ENG,quantile,0.400,0.3361487945457339
2026-07-08,ILI incidence,2,2026-07-12,GB-ENG,quantile,0.450,0.7851622117514402
2026-07-08,ILI incidence,2,2026-07-12,GB-ENG,quantile,0.500,1.2484333085677715
2026-07-08,ILI incidence,2,2026-07-12,GB-ENG,quantile,0.550,1.679505397910582
2026-07-08,ILI incidence,2,2026-07-12,GB-ENG,quantile,0.600,2.148290505749594
2026-07-08,ILI incidence,2,2026-07-12,GB-ENG,quantile,0.650,2.6688067462011666
2026-07-08,ILI incidence,2,2026-07-12,GB-ENG,quantile,0.700,3.2288546143019774
2026-07-08,ILI incidence,2,2026-07-12,GB-ENG,quantile,0.750,3.931493404543173
2026-07-08,ILI incidence,2,2026-07-12,GB-ENG,quantile,0.800,4.812265008949757
2026-07-08,ILI incidence,2,2026-07-12,GB-ENG,quantile,0.850,5.821684646620802
2026-07-08,ILI incidence,2,2026-07-12,GB-ENG,quantile,0.900,7.180945824513412
2026-07-08,ILI incidence,2,2026-07-12,GB-ENG,quantile,0.950,9.083538318251557
2026-07-08,ILI incidence,2,2026-07-12,GB-ENG,quantile,0.975,10.998151497604953
2026-07-08,ILI incidence,2,2026-07-12,GB-ENG,quantile,0.990,13.26670754946672
2026-07-08,ILI incidence,2,2026-07-12,GB-ENG,median,,1.2484333085677715
2026-07-08,ILI incidence,3,2026-07-19,GB-ENG,quantile,0.010,0.0
2026-07-08,ILI incidence,3,2026-07-19,GB-ENG,quantile,0.025,0.0
2026-07-08,ILI incidence,3,2026-07-19,GB-ENG,quantile,0.050,0.0
2026-07-08,ILI incidence,3,2026-07-19,GB-ENG,quantile,0.100,0.0
2026-07-08,ILI incidence,3,2026-07-19,GB-ENG,quantile,0.150,0.0
2026-07-08,ILI incidence,3,2026-07-19,GB-ENG,quantile,0.200,0.0
2026-07-08,ILI incidence,3,2026-07-19,GB-ENG,quantile,0.250,0.0
2026-07-08,ILI incidence,3,2026-07-19,GB-ENG,quantile,0.300,0.0
2026-07-08,ILI incidence,3,2026-07-19,GB-ENG,quantile,0.350,0.0
2026-07-08,ILI incidence,3,2026-07-19,GB-ENG,quantile,0.400,0.1998664540430596
2026-07-08,ILI incidence,3,2026-07-19,GB-ENG,quantile,0.450,0.73270164717591
2026-07-08,ILI incidence,3,2026-07-19,GB-ENG,quantile,0.500,1.2869839566094072
2026-07-08,ILI incidence,3,2026-07-19,GB-ENG,quantile,0.550,1.8377339562562363
2026-07-08,ILI incidence,3,2026-07-19,GB-ENG,quantile,0.600,2.372415225650555
2026-07-08,ILI incidence,3,2026-07-19,GB-ENG,quantile,0.650,3.001627535621123
2026-07-08,ILI incidence,3,2026-07-19,GB-ENG,quantile,0.700,3.687749817365948
2026-07-08,ILI incidence,3,2026-07-19,GB-ENG,quantile,0.750,4.4527171625604005
2026-07-08,ILI incidence,3,2026-07-19,GB-ENG,quantile,0.800,5.359520684805064
2026-07-08,ILI incidence,3,2026-07-19,GB-ENG,quantile,0.850,6.444964180727393
2026-07-08,ILI incidence,3,2026-07-19,GB-ENG,quantile,0.900,7.991190825679949
2026-07-08,ILI incidence,3,2026-07-19,GB-ENG,quantile,0.950,10.103959686850278
2026-07-08,ILI incidence,3,2026-07-19,GB-ENG,quantile,0.975,12.055575697981643
2026-07-08,ILI incidence,3,2026-07-19,GB-ENG,quantile,0.990,14.27833165865332
2026-07-08,ILI incidence,3,2026-07-19,GB-ENG,median,,1.2869839566094072
2026-07-08,ILI incidence,4,2026-07-26,GB-ENG,quantile,0.010,0.0
2026-07-08,ILI incidence,4,2026-07-26,GB-ENG,quantile,0.025,0.0
2026-07-08,ILI incidence,4,2026-07-26,GB-ENG,quantile,0.050,0.0
2026-07-08,ILI incidence,4,2026-07-26,GB-ENG,quantile,0.100,0.0
2026-07-08,ILI incidence,4,2026-07-26,GB-ENG,quantile,0.150,0.0
2026-07-08,ILI incidence,4,2026-07-26,GB-ENG,quantile,0.200,0.0
2026-07-08,ILI incidence,4,2026-07-26,GB-ENG,quantile,0.250,0.0
2026-07-08,ILI incidence,4,2026-07-26,GB-ENG,quantile,0.300,0.0
2026-07-08,ILI incidence,4,2026-07-26,GB-ENG,quantile,0.350,0.0
2026-07-08,ILI incidence,4,2026-07-26,GB-ENG,quantile,0.400,0.032315784918916214
2026-07-08,ILI incidence,4,2026-07-26,GB-ENG,quantile,0.450,0.6468906214479019
2026-07-08,ILI incidence,4,2026-07-26,GB-ENG,quantile,0.500,1.2497690749651162
2026-07-08,ILI incidence,4,2026-07-26,GB-ENG,quantile,0.550,1.8862067217655785
2026-07-08,ILI incidence,4,2026-07-26,GB-ENG,quantile,0.600,2.5299765956479376
2026-07-08,ILI incidence,4,2026-07-26,GB-ENG,quantile,0.650,3.209905615562413
2026-07-08,ILI incidence,4,2026-07-26,GB-ENG,quantile,0.700,3.9857803307461004
2026-07-08,ILI incidence,4,2026-07-26,GB-ENG,quantile,0.750,4.860887404679911
2026-07-08,ILI incidence,4,2026-07-26,GB-ENG,quantile,0.800,5.795557177031908
2026-07-08,ILI incidence,4,2026-07-26,GB-ENG,quantile,0.850,7.01390833808559
2026-07-08,ILI incidence,4,2026-07-26,GB-ENG,quantile,0.900,8.569339374356668
2026-07-08,ILI incidence,4,2026-07-26,GB-ENG,quantile,0.950,10.8154308696962
2026-07-08,ILI incidence,4,2026-07-26,GB-ENG,quantile,0.975,13.029100443245238
2026-07-08,ILI incidence,4,2026-07-26,GB-ENG,quantile,0.990,15.635600305355382
2026-07-08,ILI incidence,4,2026-07-26,GB-ENG,median,,1.2497690749651162
2026-07-08,ILI incidence,1,2026-07-05,GB-NIR,quantile,0.010,0.0
2026-07-08,ILI incidence,1,2026-07-05,GB-NIR,quantile,0.025,0.0
2026-07-08,ILI incidence,1,2026-07-05,GB-NIR,quantile,0.050,0.0
2026-07-08,ILI incidence,1,2026-07-05,GB-NIR,quantile,0.100,0.0
2026-07-08,ILI incidence,1,2026-07-05,GB-NIR,quantile,0.150,0.0
2026-07-08,ILI incidence,1,2026-07-05,GB-NIR,quantile,0.200,0.0
2026-07-08,ILI incidence,1,2026-07-05,GB-NIR,quantile,0.250,0.0
2026-07-08,ILI incidence,1,2026-07-05,GB-NIR,quantile,0.300,0.0
2026-07-08,ILI incidence,1,2026-07-05,GB-NIR,quantile,0.350,0.09224280498842476
2026-07-08,ILI incidence,1,2026-07-05,GB-NIR,quantile,0.400,0.5454288802441754
2026-07-08,ILI incidence,1,2026-07-05,GB-NIR,quantile,0.450,0.9725024825555522
2026-07-08,ILI incidence,1,2026-07-05,GB-NIR,quantile,0.500,1.391668990897068
2026-07-08,ILI incidence,1,2026-07-05,GB-NIR,quantile,0.550,1.7787403961613721
2026-07-08,ILI incidence,1,2026-07-05,GB-NIR,quantile,0.600,2.2202047999431223
2026-07-08,ILI incidence,1,2026-07-05,GB-NIR,quantile,0.650,2.7064497640481435
2026-07-08,ILI incidence,1,2026-07-05,GB-NIR,quantile,0.700,3.2592075089414627
2026-07-08,ILI incidence,1,2026-07-05,GB-NIR,quantile,0.750,3.952401365247008
2026-07-08,ILI incidence,1,2026-07-05,GB-NIR,quantile,0.800,4.971314412475948
2026-07-08,ILI incidence,1,2026-07-05,GB-NIR,quantile,0.850,6.991459288824989
2026-07-08,ILI incidence,1,2026-07-05,GB-NIR,quantile,0.900,12.157955868468454
2026-07-08,ILI incidence,1,2026-07-05,GB-NIR,quantile,0.950,19.379453154845773
2026-07-08,ILI incidence,1,2026-07-05,GB-NIR,quantile,0.975,28.67033521555396
2026-07-08,ILI incidence,1,2026-07-05,GB-NIR,quantile,0.990,34.75951183095156
2026-07-08,ILI incidence,1,2026-07-05,GB-NIR,median,,1.391668990897068
2026-07-08,ILI incidence,2,2026-07-12,GB-NIR,quantile,0.010,0.0
2026-07-08,ILI incidence,2,2026-07-12,GB-NIR,quantile,0.025,0.0
2026-07-08,ILI incidence,2,2026-07-12,GB-NIR,quantile,0.050,0.0
2026-07-08,ILI incidence,2,2026-07-12,GB-NIR,quantile,0.100,0.0
2026-07-08,ILI incidence,2,2026-07-12,GB-NIR,quantile,0.150,0.0
2026-07-08,ILI incidence,2,2026-07-12,GB-NIR,quantile,0.200,0.0
2026-07-08,ILI incidence,2,2026-07-12,GB-NIR,quantile,0.250,0.0
2026-07-08,ILI incidence,2,2026-07-12,GB-NIR,quantile,0.300,0.0
2026-07-08,ILI incidence,2,2026-07-12,GB-NIR,quantile,0.350,0.0
2026-07-08,ILI incidence,2,2026-07-12,GB-NIR,quantile,0.400,0.3143314665554028
2026-07-08,ILI incidence,2,2026-07-12,GB-NIR,quantile,0.450,0.8965890213386379
2026-07-08,ILI incidence,2,2026-07-12,GB-NIR,quantile,0.500,1.411078082304495
2026-07-08,ILI incidence,2,2026-07-12,GB-NIR,quantile,0.550,1.9615833923520947
2026-07-08,ILI incidence,2,2026-07-12,GB-NIR,quantile,0.600,2.5291296210954886
2026-07-08,ILI incidence,2,2026-07-12,GB-NIR,quantile,0.650,3.136260840532455
2026-07-08,ILI incidence,2,2026-07-12,GB-NIR,quantile,0.700,3.865227955963703
2026-07-08,ILI incidence,2,2026-07-12,GB-NIR,quantile,0.750,4.927796453219674
2026-07-08,ILI incidence,2,2026-07-12,GB-NIR,quantile,0.800,6.5213454638097685
2026-07-08,ILI incidence,2,2026-07-12,GB-NIR,quantile,0.850,9.668930226041603
2026-07-08,ILI incidence,2,2026-07-12,GB-NIR,quantile,0.900,13.98712340609824
2026-07-08,ILI incidence,2,2026-07-12,GB-NIR,quantile,0.950,22.562048369631082
2026-07-08,ILI incidence,2,2026-07-12,GB-NIR,quantile,0.975,30.228272293915634
2026-07-08,ILI incidence,2,2026-07-12,GB-NIR,quantile,0.990,36.02139459068738
2026-07-08,ILI incidence,2,2026-07-12,GB-NIR,median,,1.411078082304495
2026-07-08,ILI incidence,3,2026-07-19,GB-NIR,quantile,0.010,0.0
2026-07-08,ILI incidence,3,2026-07-19,GB-NIR,quantile,0.025,0.0
2026-07-08,ILI incidence,3,2026-07-19,GB-NIR,quantile,0.050,0.0
2026-07-08,ILI incidence,3,2026-07-19,GB-NIR,quantile,0.100,0.0
2026-07-08,ILI incidence,3,2026-07-19,GB-NIR,quantile,0.150,0.0
2026-07-08,ILI incidence,3,2026-07-19,GB-NIR,quantile,0.200,0.0
2026-07-08,ILI incidence,3,2026-07-19,GB-NIR,quantile,0.250,0.0
2026-07-08,ILI incidence,3,2026-07-19,GB-NIR,quantile,0.300,0.0
2026-07-08,ILI incidence,3,2026-07-19,GB-NIR,quantile,0.350,0.0
2026-07-08,ILI incidence,3,2026-07-19,GB-NIR,quantile,0.400,0.06104492427348164
2026-07-08,ILI incidence,3,2026-07-19,GB-NIR,quantile,0.450,0.8016818823393512
2026-07-08,ILI incidence,3,2026-07-19,GB-NIR,quantile,0.500,1.4575329185715622
2026-07-08,ILI incidence,3,2026-07-19,GB-NIR,quantile,0.550,2.083566944316938
2026-07-08,ILI incidence,3,2026-07-19,GB-NIR,quantile,0.600,2.7888470157678915
2026-07-08,ILI incidence,3,2026-07-19,GB-NIR,quantile,0.650,3.6006377352775845
2026-07-08,ILI incidence,3,2026-07-19,GB-NIR,quantile,0.700,4.670051632734579
2026-07-08,ILI incidence,3,2026-07-19,GB-NIR,quantile,0.750,6.0821314725901825
2026-07-08,ILI incidence,3,2026-07-19,GB-NIR,quantile,0.800,8.361763577929581
2026-07-08,ILI incidence,3,2026-07-19,GB-NIR,quantile,0.850,11.853699002263491
2026-07-08,ILI incidence,3,2026-07-19,GB-NIR,quantile,0.900,16.143386486589456
2026-07-08,ILI incidence,3,2026-07-19,GB-NIR,quantile,0.950,25.557705738552144
2026-07-08,ILI incidence,3,2026-07-19,GB-NIR,quantile,0.975,32.03197972171734
2026-07-08,ILI incidence,3,2026-07-19,GB-NIR,quantile,0.990,37.95596338949696
2026-07-08,ILI incidence,3,2026-07-19,GB-NIR,median,,1.4575329185715622
2026-07-08,ILI incidence,4,2026-07-26,GB-NIR,quantile,0.010,0.0
2026-07-08,ILI incidence,4,2026-07-26,GB-NIR,quantile,0.025,0.0
2026-07-08,ILI incidence,4,2026-07-26,GB-NIR,quantile,0.050,0.0
2026-07-08,ILI incidence,4,2026-07-26,GB-NIR,quantile,0.100,0.0
2026-07-08,ILI incidence,4,2026-07-26,GB-NIR,quantile,0.150,0.0
2026-07-08,ILI incidence,4,2026-07-26,GB-NIR,quantile,0.200,0.0
2026-07-08,ILI incidence,4,2026-07-26,GB-NIR,quantile,0.250,0.0
2026-07-08,ILI incidence,4,2026-07-26,GB-NIR,quantile,0.300,0.0
2026-07-08,ILI incidence,4,2026-07-26,GB-NIR,quantile,0.350,0.0
2026-07-08,ILI incidence,4,2026-07-26,GB-NIR,quantile,0.400,0.0
2026-07-08,ILI incidence,4,2026-07-26,GB-NIR,quantile,0.450,0.6381155967144038
2026-07-08,ILI incidence,4,2026-07-26,GB-NIR,quantile,0.500,1.4471887250461974
2026-07-08,ILI incidence,4,2026-07-26,GB-NIR,quantile,0.550,2.2823763046250174
2026-07-08,ILI incidence,4,2026-07-26,GB-NIR,quantile,0.600,3.2049066094391683
2026-07-08,ILI incidence,4,2026-07-26,GB-NIR,quantile,0.650,4.2342580007150605
2026-07-08,ILI incidence,4,2026-07-26,GB-NIR,quantile,0.700,5.448868665492478
2026-07-08,ILI incidence,4,2026-07-26,GB-NIR,quantile,0.750,7.193533567999975
2026-07-08,ILI incidence,4,2026-07-26,GB-NIR,quantile,0.800,9.814864751186118
2026-07-08,ILI incidence,4,2026-07-26,GB-NIR,quantile,0.850,13.367511182688387
2026-07-08,ILI incidence,4,2026-07-26,GB-NIR,quantile,0.900,18.40860346727067
2026-07-08,ILI incidence,4,2026-07-26,GB-NIR,quantile,0.950,28.23175191523248
2026-07-08,ILI incidence,4,2026-07-26,GB-NIR,quantile,0.975,34.65146819585656
2026-07-08,ILI incidence,4,2026-07-26,GB-NIR,quantile,0.990,40.51226616351693
2026-07-08,ILI incidence,4,2026-07-26,GB-NIR,median,,1.4471887250461974
2026-07-08,ARI incidence,1,2026-07-05,GB-ENG,quantile,0.010,24.950196460524534
2026-07-08,ARI incidence,1,2026-07-05,GB-ENG,quantile,0.025,53.63658813141692
2026-07-08,ARI incidence,1,2026-07-05,GB-ENG,quantile,0.050,82.50233343016319
2026-07-08,ARI incidence,1,2026-07-05,GB-ENG,quantile,0.100,111.16135069680267
2026-07-08,ARI incidence,1,2026-07-05,GB-ENG,quantile,0.150,126.82096285336696
2026-07-08,ARI incidence,1,2026-07-05,GB-ENG,quantile,0.200,140.9704320137447
2026-07-08,ARI incidence,1,2026-07-05,GB-ENG,quantile,0.250,152.9130171697924
2026-07-08,ARI incidence,1,2026-07-05,GB-ENG,quantile,0.300,162.592016243931
2026-07-08,ARI incidence,1,2026-07-05,GB-ENG,quantile,0.350,171.12193311917653
2026-07-08,ARI incidence,1,2026-07-05,GB-ENG,quantile,0.400,178.63052495432947
2026-07-08,ARI incidence,1,2026-07-05,GB-ENG,quantile,0.450,185.70380707386468
2026-07-08,ARI incidence,1,2026-07-05,GB-ENG,quantile,0.500,192.3171779327663
2026-07-08,ARI incidence,1,2026-07-05,GB-ENG,quantile,0.550,198.7713064168469
2026-07-08,ARI incidence,1,2026-07-05,GB-ENG,quantile,0.600,205.03103563335915
2026-07-08,ARI incidence,1,2026-07-05,GB-ENG,quantile,0.650,212.58274376497954
2026-07-08,ARI incidence,1,2026-07-05,GB-ENG,quantile,0.700,221.26126765261242
2026-07-08,ARI incidence,1,2026-07-05,GB-ENG,quantile,0.750,230.8548982953642
2026-07-08,ARI incidence,1,2026-07-05,GB-ENG,quantile,0.800,242.24761813994408
2026-07-08,ARI incidence,1,2026-07-05,GB-ENG,quantile,0.850,255.57483902477065
2026-07-08,ARI incidence,1,2026-07-05,GB-ENG,quantile,0.900,273.71557174944576
2026-07-08,ARI incidence,1,2026-07-05,GB-ENG,quantile,0.950,303.5971019096006
2026-07-08,ARI incidence,1,2026-07-05,GB-ENG,quantile,0.975,332.53885322661495
2026-07-08,ARI incidence,1,2026-07-05,GB-ENG,quantile,0.990,360.9442103243837
2026-07-08,ARI incidence,1,2026-07-05,GB-ENG,median,,192.3171779327663
2026-07-08,ARI incidence,2,2026-07-12,GB-ENG,quantile,0.010,0.0
2026-07-08,ARI incidence,2,2026-07-12,GB-ENG,quantile,0.025,33.14345759414739
2026-07-08,ARI incidence,2,2026-07-12,GB-ENG,quantile,0.050,64.51379373178175
2026-07-08,ARI incidence,2,2026-07-12,GB-ENG,quantile,0.100,97.39593381826643
2026-07-08,ARI incidence,2,2026-07-12,GB-ENG,quantile,0.150,116.81531049266094
2026-07-08,ARI incidence,2,2026-07-12,GB-ENG,quantile,0.200,133.55731993639864
2026-07-08,ARI incidence,2,2026-07-12,GB-ENG,quantile,0.250,145.26071131039785
2026-07-08,ARI incidence,2,2026-07-12,GB-ENG,quantile,0.300,156.52953126545273
2026-07-08,ARI incidence,2,2026-07-12,GB-ENG,quantile,0.350,166.73482712164133
2026-07-08,ARI incidence,2,2026-07-12,GB-ENG,quantile,0.400,175.9847949503054
2026-07-08,ARI incidence,2,2026-07-12,GB-ENG,quantile,0.450,183.75031003102526
2026-07-08,ARI incidence,2,2026-07-12,GB-ENG,quantile,0.500,192.26420451529114
2026-07-08,ARI incidence,2,2026-07-12,GB-ENG,quantile,0.550,200.5769887587242
2026-07-08,ARI incidence,2,2026-07-12,GB-ENG,quantile,0.600,208.9364281920071
2026-07-08,ARI incidence,2,2026-07-12,GB-ENG,quantile,0.650,218.60382008843715
2026-07-08,ARI incidence,2,2026-07-12,GB-ENG,quantile,0.700,227.94973628373666
2026-07-08,ARI incidence,2,2026-07-12,GB-ENG,quantile,0.750,238.11352743220127
2026-07-08,ARI incidence,2,2026-07-12,GB-ENG,quantile,0.800,250.97046123140353
2026-07-08,ARI incidence,2,2026-07-12,GB-ENG,quantile,0.850,266.1992677799533
2026-07-08,ARI incidence,2,2026-07-12,GB-ENG,quantile,0.900,287.8760127382052
2026-07-08,ARI incidence,2,2026-07-12,GB-ENG,quantile,0.950,322.31445762317793
2026-07-08,ARI incidence,2,2026-07-12,GB-ENG,quantile,0.975,351.5227813371061
2026-07-08,ARI incidence,2,2026-07-12,GB-ENG,quantile,0.990,381.78945415289854
2026-07-08,ARI incidence,2,2026-07-12,GB-ENG,median,,192.26420451529114
2026-07-08,ARI incidence,3,2026-07-19,GB-ENG,quantile,0.010,0.0
2026-07-08,ARI incidence,3,2026-07-19,GB-ENG,quantile,0.025,21.211638891126118
2026-07-08,ARI incidence,3,2026-07-19,GB-ENG,quantile,0.050,48.19757300816899
2026-07-08,ARI incidence,3,2026-07-19,GB-ENG,quantile,0.100,85.97494413642406
2026-07-08,ARI incidence,3,2026-07-19,GB-ENG,quantile,0.150,107.34152329265943
2026-07-08,ARI incidence,3,2026-07-19,GB-ENG,quantile,0.200,124.33990136355105
2026-07-08,ARI incidence,3,2026-07-19,GB-ENG,quantile,0.250,139.03172516549466
2026-07-08,ARI incidence,3,2026-07-19,GB-ENG,quantile,0.300,151.0759452972061
2026-07-08,ARI incidence,3,2026-07-19,GB-ENG,quantile,0.350,162.31869656468305
2026-07-08,ARI incidence,3,2026-07-19,GB-ENG,quantile,0.400,172.33737527801256
2026-07-08,ARI incidence,3,2026-07-19,GB-ENG,quantile,0.450,182.57529719132486
2026-07-08,ARI incidence,3,2026-07-19,GB-ENG,quantile,0.500,192.06902583744983
2026-07-08,ARI incidence,3,2026-07-19,GB-ENG,quantile,0.550,201.59136455769124
2026-07-08,ARI incidence,3,2026-07-19,GB-ENG,quantile,0.600,212.40724383412788
2026-07-08,ARI incidence,3,2026-07-19,GB-ENG,quantile,0.650,222.32828940889314
2026-07-08,ARI incidence,3,2026-07-19,GB-ENG,quantile,0.700,232.51243141706706
2026-07-08,ARI incidence,3,2026-07-19,GB-ENG,quantile,0.750,244.57491339936655
2026-07-08,ARI incidence,3,2026-07-19,GB-ENG,quantile,0.800,258.63373747871606
2026-07-08,ARI incidence,3,2026-07-19,GB-ENG,quantile,0.850,276.2241880070296
2026-07-08,ARI incidence,3,2026-07-19,GB-ENG,quantile,0.900,299.73845053689183
2026-07-08,ARI incidence,3,2026-07-19,GB-ENG,quantile,0.950,335.4249426074202
2026-07-08,ARI incidence,3,2026-07-19,GB-ENG,quantile,0.975,364.50928792551014
2026-07-08,ARI incidence,3,2026-07-19,GB-ENG,quantile,0.990,400.58001568098
2026-07-08,ARI incidence,3,2026-07-19,GB-ENG,median,,192.06902583744983
2026-07-08,ARI incidence,4,2026-07-26,GB-ENG,quantile,0.010,0.0
2026-07-08,ARI incidence,4,2026-07-26,GB-ENG,quantile,0.025,3.179087790345909
2026-07-08,ARI incidence,4,2026-07-26,GB-ENG,quantile,0.050,35.0047308319976
2026-07-08,ARI incidence,4,2026-07-26,GB-ENG,quantile,0.100,73.1964053136033
2026-07-08,ARI incidence,4,2026-07-26,GB-ENG,quantile,0.150,99.13346155813034
2026-07-08,ARI incidence,4,2026-07-26,GB-ENG,quantile,0.200,118.24719279035332
2026-07-08,ARI incidence,4,2026-07-26,GB-ENG,quantile,0.250,133.2258700679242
2026-07-08,ARI incidence,4,2026-07-26,GB-ENG,quantile,0.300,146.72435438998096
2026-07-08,ARI incidence,4,2026-07-26,GB-ENG,quantile,0.350,158.12146484405142
2026-07-08,ARI incidence,4,2026-07-26,GB-ENG,quantile,0.400,169.6234699492381
2026-07-08,ARI incidence,4,2026-07-26,GB-ENG,quantile,0.450,181.61967792931276
2026-07-08,ARI incidence,4,2026-07-26,GB-ENG,quantile,0.500,192.55702736843637
2026-07-08,ARI incidence,4,2026-07-26,GB-ENG,quantile,0.550,202.99042914100596
2026-07-08,ARI incidence,4,2026-07-26,GB-ENG,quantile,0.600,214.22156001120973
2026-07-08,ARI incidence,4,2026-07-26,GB-ENG,quantile,0.650,226.00980638956318
2026-07-08,ARI incidence,4,2026-07-26,GB-ENG,quantile,0.700,238.38024426436462
2026-07-08,ARI incidence,4,2026-07-26,GB-ENG,quantile,0.750,252.57346227386827
2026-07-08,ARI incidence,4,2026-07-26,GB-ENG,quantile,0.800,267.9437322741029
2026-07-08,ARI incidence,4,2026-07-26,GB-ENG,quantile,0.850,286.42828281176486
2026-07-08,ARI incidence,4,2026-07-26,GB-ENG,quantile,0.900,311.0721403646959
2026-07-08,ARI incidence,4,2026-07-26,GB-ENG,quantile,0.950,346.9583381010129
2026-07-08,ARI incidence,4,2026-07-26,GB-ENG,quantile,0.975,380.08878160165074
2026-07-08,ARI incidence,4,2026-07-26,GB-ENG,quantile,0.990,419.78076936194907
2026-07-08,ARI incidence,4,2026-07-26,GB-ENG,median,,192.55702736843637
2026-07-08,ARI incidence,1,2026-07-05,GB-NIR,quantile,0.010,29.81287292050065
2026-07-08,ARI incidence,1,2026-07-05,GB-NIR,quantile,0.025,50.13002269409589
2026-07-08,ARI incidence,1,2026-07-05,GB-NIR,quantile,0.050,67.07184164355363
2026-07-08,ARI incidence,1,2026-07-05,GB-NIR,quantile,0.100,84.75427907768538
2026-07-08,ARI incidence,1,2026-07-05,GB-NIR,quantile,0.150,96.47053679145894
2026-07-08,ARI incidence,1,2026-07-05,GB-NIR,quantile,0.200,105.80820766550929
2026-07-08,ARI incidence,1,2026-07-05,GB-NIR,quantile,0.250,113.71400718043598
2026-07-08,ARI incidence,1,2026-07-05,GB-NIR,quantile,0.300,120.42928296989221
2026-07-08,ARI incidence,1,2026-07-05,GB-NIR,quantile,0.350,126.00141514883843
2026-07-08,ARI incidence,1,2026-07-05,GB-NIR,quantile,0.400,131.16501840840428
2026-07-08,ARI incidence,1,2026-07-05,GB-NIR,quantile,0.450,136.1988437153157
2026-07-08,ARI incidence,1,2026-07-05,GB-NIR,quantile,0.500,141.21444514777323
2026-07-08,ARI incidence,1,2026-07-05,GB-NIR,quantile,0.550,146.48145543820743
2026-07-08,ARI incidence,1,2026-07-05,GB-NIR,quantile,0.600,151.8286352284755
2026-07-08,ARI incidence,1,2026-07-05,GB-NIR,quantile,0.650,157.15866576219338
2026-07-08,ARI incidence,1,2026-07-05,GB-NIR,quantile,0.700,162.68627290511066
2026-07-08,ARI incidence,1,2026-07-05,GB-NIR,quantile,0.750,168.87996326798168
2026-07-08,ARI incidence,1,2026-07-05,GB-NIR,quantile,0.800,176.31535088140072
2026-07-08,ARI incidence,1,2026-07-05,GB-NIR,quantile,0.850,185.4582226376891
2026-07-08,ARI incidence,1,2026-07-05,GB-NIR,quantile,0.900,197.70347887156748
2026-07-08,ARI incidence,1,2026-07-05,GB-NIR,quantile,0.950,217.20260743098217
2026-07-08,ARI incidence,1,2026-07-05,GB-NIR,quantile,0.975,234.81709143824423
2026-07-08,ARI incidence,1,2026-07-05,GB-NIR,quantile,0.990,257.8781992680412
2026-07-08,ARI incidence,1,2026-07-05,GB-NIR,median,,141.21444514777323
2026-07-08,ARI incidence,2,2026-07-12,GB-NIR,quantile,0.010,18.425670487120005
2026-07-08,ARI incidence,2,2026-07-12,GB-NIR,quantile,0.025,38.261448232507604
2026-07-08,ARI incidence,2,2026-07-12,GB-NIR,quantile,0.050,56.13812834099201
2026-07-08,ARI incidence,2,2026-07-12,GB-NIR,quantile,0.100,75.92643747552377
2026-07-08,ARI incidence,2,2026-07-12,GB-NIR,quantile,0.150,89.11467658524761
2026-07-08,ARI incidence,2,2026-07-12,GB-NIR,quantile,0.200,100.68241570314959
2026-07-08,ARI incidence,2,2026-07-12,GB-NIR,quantile,0.250,108.74640496213559
2026-07-08,ARI incidence,2,2026-07-12,GB-NIR,quantile,0.300,115.99458714753453
2026-07-08,ARI incidence,2,2026-07-12,GB-NIR,quantile,0.350,122.90681608635371
2026-07-08,ARI incidence,2,2026-07-12,GB-NIR,quantile,0.400,129.32242198263597
2026-07-08,ARI incidence,2,2026-07-12,GB-NIR,quantile,0.450,135.40028007483292
2026-07-08,ARI incidence,2,2026-07-12,GB-NIR,quantile,0.500,141.6616190755027
2026-07-08,ARI incidence,2,2026-07-12,GB-NIR,quantile,0.550,147.6311105254033
2026-07-08,ARI incidence,2,2026-07-12,GB-NIR,quantile,0.600,154.0334804555412
2026-07-08,ARI incidence,2,2026-07-12,GB-NIR,quantile,0.650,160.31059484179974
2026-07-08,ARI incidence,2,2026-07-12,GB-NIR,quantile,0.700,167.13849425860724
2026-07-08,ARI incidence,2,2026-07-12,GB-NIR,quantile,0.750,174.68169722297313
2026-07-08,ARI incidence,2,2026-07-12,GB-NIR,quantile,0.800,183.506330339596
2026-07-08,ARI incidence,2,2026-07-12,GB-NIR,quantile,0.850,193.25730040659099
2026-07-08,ARI incidence,2,2026-07-12,GB-NIR,quantile,0.900,207.23309094555373
2026-07-08,ARI incidence,2,2026-07-12,GB-NIR,quantile,0.950,227.2123492139604
2026-07-08,ARI incidence,2,2026-07-12,GB-NIR,quantile,0.975,246.67954687277344
2026-07-08,ARI incidence,2,2026-07-12,GB-NIR,quantile,0.990,271.1178053525105
2026-07-08,ARI incidence,2,2026-07-12,GB-NIR,median,,141.6616190755027
2026-07-08,ARI incidence,3,2026-07-19,GB-NIR,quantile,0.010,3.5415372596195676
2026-07-08,ARI incidence,3,2026-07-19,GB-NIR,quantile,0.025,27.977866467935744
2026-07-08,ARI incidence,3,2026-07-19,GB-NIR,quantile,0.050,46.35661699455664
2026-07-08,ARI incidence,3,2026-07-19,GB-NIR,quantile,0.100,68.27829270611646
2026-07-08,ARI incidence,3,2026-07-19,GB-NIR,quantile,0.150,84.01923294282642
2026-07-08,ARI incidence,3,2026-07-19,GB-NIR,quantile,0.200,95.22956795330037
2026-07-08,ARI incidence,3,2026-07-19,GB-NIR,quantile,0.250,104.65560952137444
2026-07-08,ARI incidence,3,2026-07-19,GB-NIR,quantile,0.300,112.81799906233532
2026-07-08,ARI incidence,3,2026-07-19,GB-NIR,quantile,0.350,120.57580958560861
2026-07-08,ARI incidence,3,2026-07-19,GB-NIR,quantile,0.400,128.06866278537566
2026-07-08,ARI incidence,3,2026-07-19,GB-NIR,quantile,0.450,134.72833362606042
2026-07-08,ARI incidence,3,2026-07-19,GB-NIR,quantile,0.500,141.58512008878722
2026-07-08,ARI incidence,3,2026-07-19,GB-NIR,quantile,0.550,148.617053737531
2026-07-08,ARI incidence,3,2026-07-19,GB-NIR,quantile,0.600,155.48426748265697
2026-07-08,ARI incidence,3,2026-07-19,GB-NIR,quantile,0.650,162.4992888262638
2026-07-08,ARI incidence,3,2026-07-19,GB-NIR,quantile,0.700,169.95625603728672
2026-07-08,ARI incidence,3,2026-07-19,GB-NIR,quantile,0.750,178.30093152236387
2026-07-08,ARI incidence,3,2026-07-19,GB-NIR,quantile,0.800,187.7580931585807
2026-07-08,ARI incidence,3,2026-07-19,GB-NIR,quantile,0.850,198.78539473213576
2026-07-08,ARI incidence,3,2026-07-19,GB-NIR,quantile,0.900,214.05571999683528
2026-07-08,ARI incidence,3,2026-07-19,GB-NIR,quantile,0.950,237.1420788226316
2026-07-08,ARI incidence,3,2026-07-19,GB-NIR,quantile,0.975,258.8136479037134
2026-07-08,ARI incidence,3,2026-07-19,GB-NIR,quantile,0.990,283.75035831521967
2026-07-08,ARI incidence,3,2026-07-19,GB-NIR,median,,141.58512008878722
2026-07-08,ARI incidence,4,2026-07-26,GB-NIR,quantile,0.010,0.0
2026-07-08,ARI incidence,4,2026-07-26,GB-NIR,quantile,0.025,15.920821712200851
2026-07-08,ARI incidence,4,2026-07-26,GB-NIR,quantile,0.050,37.49079484143293
2026-07-08,ARI incidence,4,2026-07-26,GB-NIR,quantile,0.100,60.98356850641118
2026-07-08,ARI incidence,4,2026-07-26,GB-NIR,quantile,0.150,77.45840227336419
2026-07-08,ARI incidence,4,2026-07-26,GB-NIR,quantile,0.200,90.49191291370431
2026-07-08,ARI incidence,4,2026-07-26,GB-NIR,quantile,0.250,100.30268589412219
2026-07-08,ARI incidence,4,2026-07-26,GB-NIR,quantile,0.300,109.6250341457714
2026-07-08,ARI incidence,4,2026-07-26,GB-NIR,quantile,0.350,118.93270179783075
2026-07-08,ARI incidence,4,2026-07-26,GB-NIR,quantile,0.400,126.73886651947964
2026-07-08,ARI incidence,4,2026-07-26,GB-NIR,quantile,0.450,134.18053784513023
2026-07-08,ARI incidence,4,2026-07-26,GB-NIR,quantile,0.500,141.65341566914353
2026-07-08,ARI incidence,4,2026-07-26,GB-NIR,quantile,0.550,149.0960734992838
2026-07-08,ARI incidence,4,2026-07-26,GB-NIR,quantile,0.600,157.0263573489897
2026-07-08,ARI incidence,4,2026-07-26,GB-NIR,quantile,0.650,164.85974644876413
2026-07-08,ARI incidence,4,2026-07-26,GB-NIR,quantile,0.700,172.96516326435946
2026-07-08,ARI incidence,4,2026-07-26,GB-NIR,quantile,0.750,181.8536942873502
2026-07-08,ARI incidence,4,2026-07-26,GB-NIR,quantile,0.800,192.46342851997088
2026-07-08,ARI incidence,4,2026-07-26,GB-NIR,quantile,0.850,204.3639994402309
2026-07-08,ARI incidence,4,2026-07-26,GB-NIR,quantile,0.900,220.2482767568212
2026-07-08,ARI incidence,4,2026-07-26,GB-NIR,quantile,0.950,244.82882864977648
2026-07-08,ARI incidence,4,2026-07-26,GB-NIR,quantile,0.975,267.2664032261771
2026-07-08,ARI incidence,4,2026-07-26,GB-NIR,quantile,0.990,294.5791446575982
2026-07-08,ARI incidence,4,2026-07-26,GB-NIR,median,,141.65341566914353
