target,location,target_end_date,horizon,output_type,output_type_id,value,origin_date
ILI incidence,BE,2025-11-09,1,quantile,0.01,0.0,2025-11-12
ILI incidence,BE,2025-11-16,2,quantile,0.01,0.0,2025-11-12
ILI incidence,BE,2025-11-23,3,quantile,0.01,0.0,2025-11-12
ILI incidence,BE,2025-11-30,4,quantile,0.01,0.0,2025-11-12
ILI incidence,BE,2025-11-09,1,quantile,0.025,0.0,2025-11-12
ILI incidence,BE,2025-11-16,2,quantile,0.025,0.0,2025-11-12
ILI incidence,BE,2025-11-23,3,quantile,0.025,0.0,2025-11-12
ILI incidence,BE,2025-11-30,4,quantile,0.025,0.0,2025-11-12
ILI incidence,BE,2025-11-09,1,quantile,0.05,0.0,2025-11-12
ILI incidence,BE,2025-11-16,2,quantile,0.05,0.0,2025-11-12
ILI incidence,BE,2025-11-23,3,quantile,0.05,0.0,2025-11-12
ILI incidence,BE,2025-11-30,4,quantile,0.05,0.0,2025-11-12
ILI incidence,BE,2025-11-09,1,quantile,0.1,0.0,2025-11-12
ILI incidence,BE,2025-11-16,2,quantile,0.1,27.318435972799847,2025-11-12
ILI incidence,BE,2025-11-23,3,quantile,0.1,0.0,2025-11-12
ILI incidence,BE,2025-11-30,4,quantile,0.1,0.0,2025-11-12
ILI incidence,BE,2025-11-09,1,quantile,0.15,15.422337781796047,2025-11-12
ILI incidence,BE,2025-11-16,2,quantile,0.15,69.91315494228756,2025-11-12
ILI incidence,BE,2025-11-23,3,quantile,0.15,0.0,2025-11-12
ILI incidence,BE,2025-11-30,4,quantile,0.15,0.0,2025-11-12
ILI incidence,BE,2025-11-09,1,quantile,0.2,33.52947043261021,2025-11-12
ILI incidence,BE,2025-11-16,2,quantile,0.2,86.63477956333048,2025-11-12
ILI incidence,BE,2025-11-23,3,quantile,0.2,0.0,2025-11-12
ILI incidence,BE,2025-11-30,4,quantile,0.2,0.0,2025-11-12
ILI incidence,BE,2025-11-09,1,quantile,0.25,49.01033144107847,2025-11-12
ILI incidence,BE,2025-11-16,2,quantile,0.25,94.14650104868167,2025-11-12
ILI incidence,BE,2025-11-23,3,quantile,0.25,8.022140587959708,2025-11-12
ILI incidence,BE,2025-11-30,4,quantile,0.25,6.577037701580504,2025-11-12
ILI incidence,BE,2025-11-09,1,quantile,0.3,60.16006780565388,2025-11-12
ILI incidence,BE,2025-11-16,2,quantile,0.3,100.4885141257929,2025-11-12
ILI incidence,BE,2025-11-23,3,quantile,0.3,20.749033828742824,2025-11-12
ILI incidence,BE,2025-11-30,4,quantile,0.3,18.67972623935032,2025-11-12
ILI incidence,BE,2025-11-09,1,quantile,0.35,72.99094224776,2025-11-12
ILI incidence,BE,2025-11-16,2,quantile,0.35,111.6265126180725,2025-11-12
ILI incidence,BE,2025-11-23,3,quantile,0.35,31.689485828314645,2025-11-12
ILI incidence,BE,2025-11-30,4,quantile,0.35,34.606365057999476,2025-11-12
ILI incidence,BE,2025-11-09,1,quantile,0.4,82.1328814342468,2025-11-12
ILI incidence,BE,2025-11-16,2,quantile,0.4,121.09578179433198,2025-11-12
ILI incidence,BE,2025-11-23,3,quantile,0.4,42.48893367221802,2025-11-12
ILI incidence,BE,2025-11-30,4,quantile,0.4,45.466742106073234,2025-11-12
ILI incidence,BE,2025-11-09,1,quantile,0.45,95.42272399737885,2025-11-12
ILI incidence,BE,2025-11-16,2,quantile,0.45,132.70867252509856,2025-11-12
ILI incidence,BE,2025-11-23,3,quantile,0.45,54.848540697645696,2025-11-12
ILI incidence,BE,2025-11-30,4,quantile,0.45,54.97292368199988,2025-11-12
ILI incidence,BE,2025-11-09,1,quantile,0.5,109.38942595632949,2025-11-12
ILI incidence,BE,2025-11-16,2,quantile,0.5,141.83100284240828,2025-11-12
ILI incidence,BE,2025-11-23,3,quantile,0.5,65.94998771799494,2025-11-12
ILI incidence,BE,2025-11-30,4,quantile,0.5,63.48002833830591,2025-11-12
ILI incidence,BE,2025-11-09,1,quantile,0.55,129.5943183436599,2025-11-12
ILI incidence,BE,2025-11-16,2,quantile,0.55,153.61244836302853,2025-11-12
ILI incidence,BE,2025-11-23,3,quantile,0.55,74.82848099972084,2025-11-12
ILI incidence,BE,2025-11-30,4,quantile,0.55,73.14086051309597,2025-11-12
ILI incidence,BE,2025-11-09,1,quantile,0.6,145.25394589859727,2025-11-12
ILI incidence,BE,2025-11-16,2,quantile,0.6,169.5399500157405,2025-11-12
ILI incidence,BE,2025-11-23,3,quantile,0.6,85.07853092446797,2025-11-12
ILI incidence,BE,2025-11-30,4,quantile,0.6,86.48530596572249,2025-11-12
ILI incidence,BE,2025-11-09,1,quantile,0.65,171.49355082036104,2025-11-12
ILI incidence,BE,2025-11-16,2,quantile,0.65,187.3328286879304,2025-11-12
ILI incidence,BE,2025-11-23,3,quantile,0.65,96.84679412163045,2025-11-12
ILI incidence,BE,2025-11-30,4,quantile,0.65,104.85323417139043,2025-11-12
ILI incidence,BE,2025-11-09,1,quantile,0.7,186.57070878433868,2025-11-12
ILI incidence,BE,2025-11-16,2,quantile,0.7,206.41626414620728,2025-11-12
ILI incidence,BE,2025-11-23,3,quantile,0.7,110.68466763624986,2025-11-12
ILI incidence,BE,2025-11-30,4,quantile,0.7,120.56930209553789,2025-11-12
ILI incidence,BE,2025-11-09,1,quantile,0.75,211.69018712859665,2025-11-12
ILI incidence,BE,2025-11-16,2,quantile,0.75,225.82272204307242,2025-11-12
ILI incidence,BE,2025-11-23,3,quantile,0.75,122.68984211797458,2025-11-12
ILI incidence,BE,2025-11-30,4,quantile,0.75,137.6342900227748,2025-11-12
ILI incidence,BE,2025-11-09,1,quantile,0.8,219.80374211905152,2025-11-12
ILI incidence,BE,2025-11-16,2,quantile,0.8,251.11456220366557,2025-11-12
ILI incidence,BE,2025-11-23,3,quantile,0.8,136.3018678885464,2025-11-12
ILI incidence,BE,2025-11-30,4,quantile,0.8,150.50864061198888,2025-11-12
ILI incidence,BE,2025-11-09,1,quantile,0.85,228.74749320194954,2025-11-12
ILI incidence,BE,2025-11-16,2,quantile,0.85,270.84643149081666,2025-11-12
ILI incidence,BE,2025-11-23,3,quantile,0.85,150.7503393651744,2025-11-12
ILI incidence,BE,2025-11-30,4,quantile,0.85,161.22400667095113,2025-11-12
ILI incidence,BE,2025-11-09,1,quantile,0.9,264.6633609280198,2025-11-12
ILI incidence,BE,2025-11-16,2,quantile,0.9,282.92547471789624,2025-11-12
ILI incidence,BE,2025-11-23,3,quantile,0.9,171.33275432751384,2025-11-12
ILI incidence,BE,2025-11-30,4,quantile,0.9,173.64459337054282,2025-11-12
ILI incidence,BE,2025-11-09,1,quantile,0.95,323.17875969801196,2025-11-12
ILI incidence,BE,2025-11-16,2,quantile,0.95,321.9299842022936,2025-11-12
ILI incidence,BE,2025-11-23,3,quantile,0.95,240.1055348934804,2025-11-12
ILI incidence,BE,2025-11-30,4,quantile,0.95,185.92882679183109,2025-11-12
ILI incidence,BE,2025-11-09,1,quantile,0.975,343.8558940223769,2025-11-12
ILI incidence,BE,2025-11-16,2,quantile,0.975,337.5207897068158,2025-11-12
ILI incidence,BE,2025-11-23,3,quantile,0.975,269.37898628757904,2025-11-12
ILI incidence,BE,2025-11-30,4,quantile,0.975,200.2762573316383,2025-11-12
ILI incidence,BE,2025-11-09,1,quantile,0.99,367.9275683217708,2025-11-12
ILI incidence,BE,2025-11-16,2,quantile,0.99,355.6033080860368,2025-11-12
ILI incidence,BE,2025-11-23,3,quantile,0.99,299.50065801443515,2025-11-12
ILI incidence,BE,2025-11-30,4,quantile,0.99,217.07325731224836,2025-11-12
ILI incidence,BE,2025-11-09,1,median,,109.38942595632949,2025-11-12
ILI incidence,BE,2025-11-16,2,median,,141.83100284240828,2025-11-12
ILI incidence,BE,2025-11-23,3,median,,65.94998771799494,2025-11-12
ILI incidence,BE,2025-11-30,4,median,,63.48002833830591,2025-11-12
ILI incidence,GR,2025-11-09,1,quantile,0.01,0.0,2025-11-12
ILI incidence,GR,2025-11-16,2,quantile,0.01,382.44160542689957,2025-11-12
ILI incidence,GR,2025-11-23,3,quantile,0.01,33.85261013484055,2025-11-12
ILI incidence,GR,2025-11-30,4,quantile,0.01,33.871610866447654,2025-11-12
ILI incidence,GR,2025-11-09,1,quantile,0.025,188.993946140405,2025-11-12
ILI incidence,GR,2025-11-16,2,quantile,0.025,383.1344596348944,2025-11-12
ILI incidence,GR,2025-11-23,3,quantile,0.025,50.84045317451069,2025-11-12
ILI incidence,GR,2025-11-30,4,quantile,0.025,110.84846452369456,2025-11-12
ILI incidence,GR,2025-11-09,1,quantile,0.05,343.90067496663653,2025-11-12
ILI incidence,GR,2025-11-16,2,quantile,0.05,384.5885878666184,2025-11-12
ILI incidence,GR,2025-11-23,3,quantile,0.05,115.61740144922634,2025-11-12
ILI incidence,GR,2025-11-30,4,quantile,0.05,221.26808716855928,2025-11-12
ILI incidence,GR,2025-11-09,1,quantile,0.1,405.37039931801036,2025-11-12
ILI incidence,GR,2025-11-16,2,quantile,0.1,431.7805403918889,2025-11-12
ILI incidence,GR,2025-11-23,3,quantile,0.1,226.74485032578588,2025-11-12
ILI incidence,GR,2025-11-30,4,quantile,0.1,343.30069655061544,2025-11-12
ILI incidence,GR,2025-11-09,1,quantile,0.15,448.6150714760493,2025-11-12
ILI incidence,GR,2025-11-16,2,quantile,0.15,468.0323946250692,2025-11-12
ILI incidence,GR,2025-11-23,3,quantile,0.15,282.70159301876026,2025-11-12
ILI incidence,GR,2025-11-30,4,quantile,0.15,396.9364659938575,2025-11-12
ILI incidence,GR,2025-11-09,1,quantile,0.2,486.0349738408629,2025-11-12
ILI incidence,GR,2025-11-16,2,quantile,0.2,516.9393944067534,2025-11-12
ILI incidence,GR,2025-11-23,3,quantile,0.2,316.5443725568534,2025-11-12
ILI incidence,GR,2025-11-30,4,quantile,0.2,449.91367558561075,2025-11-12
ILI incidence,GR,2025-11-09,1,quantile,0.25,509.6476476514164,2025-11-12
ILI incidence,GR,2025-11-16,2,quantile,0.25,553.7956788262554,2025-11-12
ILI incidence,GR,2025-11-23,3,quantile,0.25,352.89756834949355,2025-11-12
ILI incidence,GR,2025-11-30,4,quantile,0.25,488.25898284209757,2025-11-12
ILI incidence,GR,2025-11-09,1,quantile,0.3,536.2626893109294,2025-11-12
ILI incidence,GR,2025-11-16,2,quantile,0.3,575.2673883495054,2025-11-12
ILI incidence,GR,2025-11-23,3,quantile,0.3,367.21902464286705,2025-11-12
ILI incidence,GR,2025-11-30,4,quantile,0.3,531.6354966798543,2025-11-12
ILI incidence,GR,2025-11-09,1,quantile,0.35,563.2969603741865,2025-11-12
ILI incidence,GR,2025-11-16,2,quantile,0.35,593.4113263121818,2025-11-12
ILI incidence,GR,2025-11-23,3,quantile,0.35,387.3939868563059,2025-11-12
ILI incidence,GR,2025-11-30,4,quantile,0.35,557.5044561583363,2025-11-12
ILI incidence,GR,2025-11-09,1,quantile,0.4,593.4829448885157,2025-11-12
ILI incidence,GR,2025-11-16,2,quantile,0.4,610.360825665083,2025-11-12
ILI incidence,GR,2025-11-23,3,quantile,0.4,402.04716641801167,2025-11-12
ILI incidence,GR,2025-11-30,4,quantile,0.4,575.2879440366604,2025-11-12
ILI incidence,GR,2025-11-09,1,quantile,0.45,623.5806015097179,2025-11-12
ILI incidence,GR,2025-11-16,2,quantile,0.45,635.8208359116366,2025-11-12
ILI incidence,GR,2025-11-23,3,quantile,0.45,419.1252745579742,2025-11-12
ILI incidence,GR,2025-11-30,4,quantile,0.45,596.4844557582916,2025-11-12
ILI incidence,GR,2025-11-09,1,quantile,0.5,636.473543716341,2025-11-12
ILI incidence,GR,2025-11-16,2,quantile,0.5,664.846132816579,2025-11-12
ILI incidence,GR,2025-11-23,3,quantile,0.5,445.30495642128676,2025-11-12
ILI incidence,GR,2025-11-30,4,quantile,0.5,617.7126086290193,2025-11-12
ILI incidence,GR,2025-11-09,1,quantile,0.55,646.6751484326728,2025-11-12
ILI incidence,GR,2025-11-16,2,quantile,0.55,687.6631863672932,2025-11-12
ILI incidence,GR,2025-11-23,3,quantile,0.55,456.82607955575594,2025-11-12
ILI incidence,GR,2025-11-30,4,quantile,0.55,638.6719632732041,2025-11-12
ILI incidence,GR,2025-11-09,1,quantile,0.6,663.4950262499424,2025-11-12
ILI incidence,GR,2025-11-16,2,quantile,0.6,702.180292376457,2025-11-12
ILI incidence,GR,2025-11-23,3,quantile,0.6,461.6750709969837,2025-11-12
ILI incidence,GR,2025-11-30,4,quantile,0.6,664.7379766470585,2025-11-12
ILI incidence,GR,2025-11-09,1,quantile,0.65,697.6064502277758,2025-11-12
ILI incidence,GR,2025-11-16,2,quantile,0.65,715.7602406742111,2025-11-12
ILI incidence,GR,2025-11-23,3,quantile,0.65,473.8117037596747,2025-11-12
ILI incidence,GR,2025-11-30,4,quantile,0.65,706.7850110627393,2025-11-12
ILI incidence,GR,2025-11-09,1,quantile,0.7,721.1926525861487,2025-11-12
ILI incidence,GR,2025-11-16,2,quantile,0.7,732.3761260709128,2025-11-12
ILI incidence,GR,2025-11-23,3,quantile,0.7,487.08337543980383,2025-11-12
ILI incidence,GR,2025-11-30,4,quantile,0.7,735.0832902319383,2025-11-12
ILI incidence,GR,2025-11-09,1,quantile,0.75,744.9054851780605,2025-11-12
ILI incidence,GR,2025-11-16,2,quantile,0.75,751.676736371344,2025-11-12
ILI incidence,GR,2025-11-23,3,quantile,0.75,499.31951745737695,2025-11-12
ILI incidence,GR,2025-11-30,4,quantile,0.75,762.1388954131512,2025-11-12
ILI incidence,GR,2025-11-09,1,quantile,0.8,789.8587154189021,2025-11-12
ILI incidence,GR,2025-11-16,2,quantile,0.8,774.0238058796447,2025-11-12
ILI incidence,GR,2025-11-23,3,quantile,0.8,520.0096029641528,2025-11-12
ILI incidence,GR,2025-11-30,4,quantile,0.8,780.3672970781903,2025-11-12
ILI incidence,GR,2025-11-09,1,quantile,0.85,843.4593750890232,2025-11-12
ILI incidence,GR,2025-11-16,2,quantile,0.85,794.082349969853,2025-11-12
ILI incidence,GR,2025-11-23,3,quantile,0.85,545.2793752549303,2025-11-12
ILI incidence,GR,2025-11-30,4,quantile,0.85,804.2139513338803,2025-11-12
ILI incidence,GR,2025-11-09,1,quantile,0.9,871.8531994132762,2025-11-12
ILI incidence,GR,2025-11-16,2,quantile,0.9,822.943636369405,2025-11-12
ILI incidence,GR,2025-11-23,3,quantile,0.9,586.4621252733125,2025-11-12
ILI incidence,GR,2025-11-30,4,quantile,0.9,850.1735914762683,2025-11-12
ILI incidence,GR,2025-11-09,1,quantile,0.95,931.9537982971179,2025-11-12
ILI incidence,GR,2025-11-16,2,quantile,0.95,899.1282020441499,2025-11-12
ILI incidence,GR,2025-11-23,3,quantile,0.95,625.5695807057612,2025-11-12
ILI incidence,GR,2025-11-30,4,quantile,0.95,960.1887821052529,2025-11-12
ILI incidence,GR,2025-11-09,1,quantile,0.975,976.2085512616137,2025-11-12
ILI incidence,GR,2025-11-16,2,quantile,0.975,1130.8831296904984,2025-11-12
ILI incidence,GR,2025-11-23,3,quantile,0.975,669.5448497666513,2025-11-12
ILI incidence,GR,2025-11-30,4,quantile,0.975,989.7791424495047,2025-11-12
ILI incidence,GR,2025-11-09,1,quantile,0.99,993.1042370208512,2025-11-12
ILI incidence,GR,2025-11-16,2,quantile,0.99,1371.6340213877404,2025-11-12
ILI incidence,GR,2025-11-23,3,quantile,0.99,730.6768325399095,2025-11-12
ILI incidence,GR,2025-11-30,4,quantile,0.99,1015.3054505224524,2025-11-12
ILI incidence,GR,2025-11-09,1,median,,636.473543716341,2025-11-12
ILI incidence,GR,2025-11-16,2,median,,664.846132816579,2025-11-12
ILI incidence,GR,2025-11-23,3,median,,445.30495642128676,2025-11-12
ILI incidence,GR,2025-11-30,4,median,,617.7126086290193,2025-11-12
ILI incidence,IS,2025-11-09,1,quantile,0.01,0.0,2025-11-12
ILI incidence,IS,2025-11-16,2,quantile,0.01,0.0,2025-11-12
ILI incidence,IS,2025-11-23,3,quantile,0.01,0.0,2025-11-12
ILI incidence,IS,2025-11-30,4,quantile,0.01,0.0,2025-11-12
ILI incidence,IS,2025-11-09,1,quantile,0.025,0.0,2025-11-12
ILI incidence,IS,2025-11-16,2,quantile,0.025,0.0,2025-11-12
ILI incidence,IS,2025-11-23,3,quantile,0.025,0.0,2025-11-12
ILI incidence,IS,2025-11-30,4,quantile,0.025,0.0,2025-11-12
ILI incidence,IS,2025-11-09,1,quantile,0.05,0.0,2025-11-12
ILI incidence,IS,2025-11-16,2,quantile,0.05,0.0,2025-11-12
ILI incidence,IS,2025-11-23,3,quantile,0.05,0.0,2025-11-12
ILI incidence,IS,2025-11-30,4,quantile,0.05,0.0,2025-11-12
ILI incidence,IS,2025-11-09,1,quantile,0.1,0.0,2025-11-12
ILI incidence,IS,2025-11-16,2,quantile,0.1,0.0,2025-11-12
ILI incidence,IS,2025-11-23,3,quantile,0.1,0.0,2025-11-12
ILI incidence,IS,2025-11-30,4,quantile,0.1,0.0,2025-11-12
ILI incidence,IS,2025-11-09,1,quantile,0.15,0.0,2025-11-12
ILI incidence,IS,2025-11-16,2,quantile,0.15,0.0,2025-11-12
ILI incidence,IS,2025-11-23,3,quantile,0.15,0.0,2025-11-12
ILI incidence,IS,2025-11-30,4,quantile,0.15,0.0,2025-11-12
ILI incidence,IS,2025-11-09,1,quantile,0.2,0.0,2025-11-12
ILI incidence,IS,2025-11-16,2,quantile,0.2,0.0,2025-11-12
ILI incidence,IS,2025-11-23,3,quantile,0.2,0.0,2025-11-12
ILI incidence,IS,2025-11-30,4,quantile,0.2,0.0,2025-11-12
ILI incidence,IS,2025-11-09,1,quantile,0.25,0.0,2025-11-12
ILI incidence,IS,2025-11-16,2,quantile,0.25,0.0,2025-11-12
ILI incidence,IS,2025-11-23,3,quantile,0.25,0.0,2025-11-12
ILI incidence,IS,2025-11-30,4,quantile,0.25,0.0,2025-11-12
ILI incidence,IS,2025-11-09,1,quantile,0.3,0.0,2025-11-12
ILI incidence,IS,2025-11-16,2,quantile,0.3,0.019012017025322125,2025-11-12
ILI incidence,IS,2025-11-23,3,quantile,0.3,0.0,2025-11-12
ILI incidence,IS,2025-11-30,4,quantile,0.3,0.0,2025-11-12
ILI incidence,IS,2025-11-09,1,quantile,0.35,1.3469540803269604,2025-11-12
ILI incidence,IS,2025-11-16,2,quantile,0.35,0.8780000954416481,2025-11-12
ILI incidence,IS,2025-11-23,3,quantile,0.35,0.0,2025-11-12
ILI incidence,IS,2025-11-30,4,quantile,0.35,0.0,2025-11-12
ILI incidence,IS,2025-11-09,1,quantile,0.4,1.8231513461251767,2025-11-12
ILI incidence,IS,2025-11-16,2,quantile,0.4,1.2841934199787925,2025-11-12
ILI incidence,IS,2025-11-23,3,quantile,0.4,0.13565135827574762,2025-11-12
ILI incidence,IS,2025-11-30,4,quantile,0.4,0.0,2025-11-12
ILI incidence,IS,2025-11-09,1,quantile,0.45,2.1043422556925866,2025-11-12
ILI incidence,IS,2025-11-16,2,quantile,0.45,1.7891876846025356,2025-11-12
ILI incidence,IS,2025-11-23,3,quantile,0.45,1.197100077738337,2025-11-12
ILI incidence,IS,2025-11-30,4,quantile,0.45,0.0,2025-11-12
ILI incidence,IS,2025-11-09,1,quantile,0.5,2.4583360032474175,2025-11-12
ILI incidence,IS,2025-11-16,2,quantile,0.5,2.317955159976455,2025-11-12
ILI incidence,IS,2025-11-23,3,quantile,0.5,1.8935257928510638,2025-11-12
ILI incidence,IS,2025-11-30,4,quantile,0.5,0.0,2025-11-12
ILI incidence,IS,2025-11-09,1,quantile,0.55,2.703243767700269,2025-11-12
ILI incidence,IS,2025-11-16,2,quantile,0.55,2.635676237894285,2025-11-12
ILI incidence,IS,2025-11-23,3,quantile,0.55,2.507524953293669,2025-11-12
ILI incidence,IS,2025-11-30,4,quantile,0.55,0.07012288980441364,2025-11-12
ILI incidence,IS,2025-11-09,1,quantile,0.6,3.4961748324881126,2025-11-12
ILI incidence,IS,2025-11-16,2,quantile,0.6,2.9813982618659987,2025-11-12
ILI incidence,IS,2025-11-23,3,quantile,0.6,3.2805814427925504,2025-11-12
ILI incidence,IS,2025-11-30,4,quantile,0.6,0.6800379024838611,2025-11-12
ILI incidence,IS,2025-11-09,1,quantile,0.65,4.140614661997456,2025-11-12
ILI incidence,IS,2025-11-16,2,quantile,0.65,3.4468881778882796,2025-11-12
ILI incidence,IS,2025-11-23,3,quantile,0.65,3.89400109262281,2025-11-12
ILI incidence,IS,2025-11-30,4,quantile,0.65,1.3742201271725747,2025-11-12
ILI incidence,IS,2025-11-09,1,quantile,0.7,4.7701052895462235,2025-11-12
ILI incidence,IS,2025-11-16,2,quantile,0.7,3.814089638018779,2025-11-12
ILI incidence,IS,2025-11-23,3,quantile,0.7,4.5371808590251455,2025-11-12
ILI incidence,IS,2025-11-30,4,quantile,0.7,2.33067076533373,2025-11-12
ILI incidence,IS,2025-11-09,1,quantile,0.75,5.180874554707623,2025-11-12
ILI incidence,IS,2025-11-16,2,quantile,0.75,4.0900150143616365,2025-11-12
ILI incidence,IS,2025-11-23,3,quantile,0.75,5.403483558647075,2025-11-12
ILI incidence,IS,2025-11-30,4,quantile,0.75,3.5899508322558304,2025-11-12
ILI incidence,IS,2025-11-09,1,quantile,0.8,5.702544145431711,2025-11-12
ILI incidence,IS,2025-11-16,2,quantile,0.8,4.884232070555768,2025-11-12
ILI incidence,IS,2025-11-23,3,quantile,0.8,5.901661529949604,2025-11-12
ILI incidence,IS,2025-11-30,4,quantile,0.8,4.835951681850903,2025-11-12
ILI incidence,IS,2025-11-09,1,quantile,0.85,6.190096359759368,2025-11-12
ILI incidence,IS,2025-11-16,2,quantile,0.85,5.952080260304063,2025-11-12
ILI incidence,IS,2025-11-23,3,quantile,0.85,6.405640352104761,2025-11-12
ILI incidence,IS,2025-11-30,4,quantile,0.85,5.184441456727648,2025-11-12
ILI incidence,IS,2025-11-09,1,quantile,0.9,7.2876128904218636,2025-11-12
ILI incidence,IS,2025-11-16,2,quantile,0.9,6.843953011849362,2025-11-12
ILI incidence,IS,2025-11-23,3,quantile,0.9,7.120083355484907,2025-11-12
ILI incidence,IS,2025-11-30,4,quantile,0.9,5.83101636934366,2025-11-12
ILI incidence,IS,2025-11-09,1,quantile,0.95,9.194869812317533,2025-11-12
ILI incidence,IS,2025-11-16,2,quantile,0.95,8.614274667646598,2025-11-12
ILI incidence,IS,2025-11-23,3,quantile,0.95,7.464596488946388,2025-11-12
ILI incidence,IS,2025-11-30,4,quantile,0.95,8.70594501460581,2025-11-12
ILI incidence,IS,2025-11-09,1,quantile,0.975,12.542964618607444,2025-11-12
ILI incidence,IS,2025-11-16,2,quantile,0.975,10.207725815817,2025-11-12
ILI incidence,IS,2025-11-23,3,quantile,0.975,7.689757409389764,2025-11-12
ILI incidence,IS,2025-11-30,4,quantile,0.975,11.564959493384029,2025-11-12
ILI incidence,IS,2025-11-09,1,quantile,0.99,13.62385347583138,2025-11-12
ILI incidence,IS,2025-11-16,2,quantile,0.99,10.920145418165392,2025-11-12
ILI incidence,IS,2025-11-23,3,quantile,0.99,7.896125267260415,2025-11-12
ILI incidence,IS,2025-11-30,4,quantile,0.99,13.732612045620284,2025-11-12
ILI incidence,IS,2025-11-09,1,median,,2.4583360032474175,2025-11-12
ILI incidence,IS,2025-11-16,2,median,,2.317955159976455,2025-11-12
ILI incidence,IS,2025-11-23,3,median,,1.8935257928510638,2025-11-12
ILI incidence,IS,2025-11-30,4,median,,0.0,2025-11-12
ILI incidence,IE,2025-11-09,1,quantile,0.01,0.0,2025-11-12
ILI incidence,IE,2025-11-16,2,quantile,0.01,0.0,2025-11-12
ILI incidence,IE,2025-11-23,3,quantile,0.01,0.0,2025-11-12
ILI incidence,IE,2025-11-30,4,quantile,0.01,0.0,2025-11-12
ILI incidence,IE,2025-11-09,1,quantile,0.025,0.0,2025-11-12
ILI incidence,IE,2025-11-16,2,quantile,0.025,0.0,2025-11-12
ILI incidence,IE,2025-11-23,3,quantile,0.025,0.0,2025-11-12
ILI incidence,IE,2025-11-30,4,quantile,0.025,0.0,2025-11-12
ILI incidence,IE,2025-11-09,1,quantile,0.05,0.0,2025-11-12
ILI incidence,IE,2025-11-16,2,quantile,0.05,0.0,2025-11-12
ILI incidence,IE,2025-11-23,3,quantile,0.05,0.0,2025-11-12
ILI incidence,IE,2025-11-30,4,quantile,0.05,0.0,2025-11-12
ILI incidence,IE,2025-11-09,1,quantile,0.1,0.0,2025-11-12
ILI incidence,IE,2025-11-16,2,quantile,0.1,0.0,2025-11-12
ILI incidence,IE,2025-11-23,3,quantile,0.1,0.0,2025-11-12
ILI incidence,IE,2025-11-30,4,quantile,0.1,0.0,2025-11-12
ILI incidence,IE,2025-11-09,1,quantile,0.15,0.0,2025-11-12
ILI incidence,IE,2025-11-16,2,quantile,0.15,0.9670806574707212,2025-11-12
ILI incidence,IE,2025-11-23,3,quantile,0.15,0.0,2025-11-12
ILI incidence,IE,2025-11-30,4,quantile,0.15,0.0,2025-11-12
ILI incidence,IE,2025-11-09,1,quantile,0.2,0.6533506547456189,2025-11-12
ILI incidence,IE,2025-11-16,2,quantile,0.2,2.125347954839098,2025-11-12
ILI incidence,IE,2025-11-23,3,quantile,0.2,0.0,2025-11-12
ILI incidence,IE,2025-11-30,4,quantile,0.2,0.9704804442177261,2025-11-12
ILI incidence,IE,2025-11-09,1,quantile,0.25,2.104538244735262,2025-11-12
ILI incidence,IE,2025-11-16,2,quantile,0.25,3.45322561872696,2025-11-12
ILI incidence,IE,2025-11-23,3,quantile,0.25,0.16034541942516528,2025-11-12
ILI incidence,IE,2025-11-30,4,quantile,0.25,1.6763137921614681,2025-11-12
ILI incidence,IE,2025-11-09,1,quantile,0.3,3.5231172290821653,2025-11-12
ILI incidence,IE,2025-11-16,2,quantile,0.3,4.782832264954853,2025-11-12
ILI incidence,IE,2025-11-23,3,quantile,0.3,1.3484226193718343,2025-11-12
ILI incidence,IE,2025-11-30,4,quantile,0.3,2.5335812576460053,2025-11-12
ILI incidence,IE,2025-11-09,1,quantile,0.35,4.6013777317722395,2025-11-12
ILI incidence,IE,2025-11-16,2,quantile,0.35,5.618648116032238,2025-11-12
ILI incidence,IE,2025-11-23,3,quantile,0.35,2.4742294774354687,2025-11-12
ILI incidence,IE,2025-11-30,4,quantile,0.35,3.5387268124114635,2025-11-12
ILI incidence,IE,2025-11-09,1,quantile,0.4,5.809660681671224,2025-11-12
ILI incidence,IE,2025-11-16,2,quantile,0.4,6.521902532999072,2025-11-12
ILI incidence,IE,2025-11-23,3,quantile,0.4,3.894151953088844,2025-11-12
ILI incidence,IE,2025-11-30,4,quantile,0.4,4.757928159589955,2025-11-12
ILI incidence,IE,2025-11-09,1,quantile,0.45,6.706340128851136,2025-11-12
ILI incidence,IE,2025-11-16,2,quantile,0.45,7.341862121737688,2025-11-12
ILI incidence,IE,2025-11-23,3,quantile,0.45,4.824738896988093,2025-11-12
ILI incidence,IE,2025-11-30,4,quantile,0.45,5.705436300723968,2025-11-12
ILI incidence,IE,2025-11-09,1,quantile,0.5,7.626083981543999,2025-11-12
ILI incidence,IE,2025-11-16,2,quantile,0.5,8.527183128937374,2025-11-12
ILI incidence,IE,2025-11-23,3,quantile,0.5,5.380373106950515,2025-11-12
ILI incidence,IE,2025-11-30,4,quantile,0.5,6.378172455843414,2025-11-12
ILI incidence,IE,2025-11-09,1,quantile,0.55,8.789394378853027,2025-11-12
ILI incidence,IE,2025-11-16,2,quantile,0.55,9.630781788192506,2025-11-12
ILI incidence,IE,2025-11-23,3,quantile,0.55,6.662201627162306,2025-11-12
ILI incidence,IE,2025-11-30,4,quantile,0.55,7.508761773884826,2025-11-12
ILI incidence,IE,2025-11-09,1,quantile,0.6,9.649528298168375,2025-11-12
ILI incidence,IE,2025-11-16,2,quantile,0.6,10.599015510476729,2025-11-12
ILI incidence,IE,2025-11-23,3,quantile,0.6,8.734047496218272,2025-11-12
ILI incidence,IE,2025-11-30,4,quantile,0.6,8.432013964985131,2025-11-12
ILI incidence,IE,2025-11-09,1,quantile,0.65,10.729405893401877,2025-11-12
ILI incidence,IE,2025-11-16,2,quantile,0.65,11.427325817550347,2025-11-12
ILI incidence,IE,2025-11-23,3,quantile,0.65,10.259180357655175,2025-11-12
ILI incidence,IE,2025-11-30,4,quantile,0.65,9.533688246113401,2025-11-12
ILI incidence,IE,2025-11-09,1,quantile,0.7,11.724609625046002,2025-11-12
ILI incidence,IE,2025-11-16,2,quantile,0.7,12.511774830721619,2025-11-12
ILI incidence,IE,2025-11-23,3,quantile,0.7,12.314329037646532,2025-11-12
ILI incidence,IE,2025-11-30,4,quantile,0.7,10.336941700292925,2025-11-12
ILI incidence,IE,2025-11-09,1,quantile,0.75,12.908843248236849,2025-11-12
ILI incidence,IE,2025-11-16,2,quantile,0.75,13.926916865069074,2025-11-12
ILI incidence,IE,2025-11-23,3,quantile,0.75,12.88662877318374,2025-11-12
ILI incidence,IE,2025-11-30,4,quantile,0.75,11.669404406103249,2025-11-12
ILI incidence,IE,2025-11-09,1,quantile,0.8,13.73311699806079,2025-11-12
ILI incidence,IE,2025-11-16,2,quantile,0.8,14.95546928650657,2025-11-12
ILI incidence,IE,2025-11-23,3,quantile,0.8,13.459032640831676,2025-11-12
ILI incidence,IE,2025-11-30,4,quantile,0.8,13.019709864332953,2025-11-12
ILI incidence,IE,2025-11-09,1,quantile,0.85,15.029818434865552,2025-11-12
ILI incidence,IE,2025-11-16,2,quantile,0.85,16.626249058922866,2025-11-12
ILI incidence,IE,2025-11-23,3,quantile,0.85,14.589977083146099,2025-11-12
ILI incidence,IE,2025-11-30,4,quantile,0.85,14.381342990290259,2025-11-12
ILI incidence,IE,2025-11-09,1,quantile,0.9,16.29619719677211,2025-11-12
ILI incidence,IE,2025-11-16,2,quantile,0.9,17.740539907182153,2025-11-12
ILI incidence,IE,2025-11-23,3,quantile,0.9,18.126904306908166,2025-11-12
ILI incidence,IE,2025-11-30,4,quantile,0.9,15.687723762414112,2025-11-12
ILI incidence,IE,2025-11-09,1,quantile,0.95,18.582217899310063,2025-11-12
ILI incidence,IE,2025-11-16,2,quantile,0.95,18.951722764229984,2025-11-12
ILI incidence,IE,2025-11-23,3,quantile,0.95,24.398373857387817,2025-11-12
ILI incidence,IE,2025-11-30,4,quantile,0.95,17.309591921923694,2025-11-12
ILI incidence,IE,2025-11-09,1,quantile,0.975,19.982657237681703,2025-11-12
ILI incidence,IE,2025-11-16,2,quantile,0.975,20.44322549205219,2025-11-12
ILI incidence,IE,2025-11-23,3,quantile,0.975,30.297304054028725,2025-11-12
ILI incidence,IE,2025-11-30,4,quantile,0.975,20.0005946788677,2025-11-12
ILI incidence,IE,2025-11-09,1,quantile,0.99,21.26170467794535,2025-11-12
ILI incidence,IE,2025-11-16,2,quantile,0.99,22.01146380084928,2025-11-12
ILI incidence,IE,2025-11-23,3,quantile,0.99,34.16584035257598,2025-11-12
ILI incidence,IE,2025-11-30,4,quantile,0.99,26.346488742833976,2025-11-12
ILI incidence,IE,2025-11-09,1,median,,7.626083981543999,2025-11-12
ILI incidence,IE,2025-11-16,2,median,,8.527183128937374,2025-11-12
ILI incidence,IE,2025-11-23,3,median,,5.380373106950515,2025-11-12
ILI incidence,IE,2025-11-30,4,median,,6.378172455843414,2025-11-12
ILI incidence,LU,2025-11-09,1,quantile,0.01,0.0,2025-11-12
ILI incidence,LU,2025-11-16,2,quantile,0.01,0.0,2025-11-12
ILI incidence,LU,2025-11-23,3,quantile,0.01,0.0,2025-11-12
ILI incidence,LU,2025-11-30,4,quantile,0.01,0.0,2025-11-12
ILI incidence,LU,2025-11-09,1,quantile,0.025,0.0,2025-11-12
ILI incidence,LU,2025-11-16,2,quantile,0.025,0.0,2025-11-12
ILI incidence,LU,2025-11-23,3,quantile,0.025,0.0,2025-11-12
ILI incidence,LU,2025-11-30,4,quantile,0.025,0.0,2025-11-12
ILI incidence,LU,2025-11-09,1,quantile,0.05,0.0,2025-11-12
ILI incidence,LU,2025-11-16,2,quantile,0.05,0.0,2025-11-12
ILI incidence,LU,2025-11-23,3,quantile,0.05,26.870075239720325,2025-11-12
ILI incidence,LU,2025-11-30,4,quantile,0.05,0.0,2025-11-12
ILI incidence,LU,2025-11-09,1,quantile,0.1,0.0,2025-11-12
ILI incidence,LU,2025-11-16,2,quantile,0.1,0.0,2025-11-12
ILI incidence,LU,2025-11-23,3,quantile,0.1,412.6262541200908,2025-11-12
ILI incidence,LU,2025-11-30,4,quantile,0.1,0.0,2025-11-12
ILI incidence,LU,2025-11-09,1,quantile,0.15,82.02197033127817,2025-11-12
ILI incidence,LU,2025-11-16,2,quantile,0.15,0.0,2025-11-12
ILI incidence,LU,2025-11-23,3,quantile,0.15,942.6448679449704,2025-11-12
ILI incidence,LU,2025-11-30,4,quantile,0.15,0.0,2025-11-12
ILI incidence,LU,2025-11-09,1,quantile,0.2,219.7617842997439,2025-11-12
ILI incidence,LU,2025-11-16,2,quantile,0.2,388.625693432459,2025-11-12
ILI incidence,LU,2025-11-23,3,quantile,0.2,1208.2204315038612,2025-11-12
ILI incidence,LU,2025-11-30,4,quantile,0.2,342.6866385103212,2025-11-12
ILI incidence,LU,2025-11-09,1,quantile,0.25,368.9708996156432,2025-11-12
ILI incidence,LU,2025-11-16,2,quantile,0.25,777.5297153008107,2025-11-12
ILI incidence,LU,2025-11-23,3,quantile,0.25,1380.9336448552694,2025-11-12
ILI incidence,LU,2025-11-30,4,quantile,0.25,815.1726731701631,2025-11-12
ILI incidence,LU,2025-11-09,1,quantile,0.3,572.0209906006655,2025-11-12
ILI incidence,LU,2025-11-16,2,quantile,0.3,1171.8087630261182,2025-11-12
ILI incidence,LU,2025-11-23,3,quantile,0.3,1879.719314874079,2025-11-12
ILI incidence,LU,2025-11-30,4,quantile,0.3,1348.202993468963,2025-11-12
ILI incidence,LU,2025-11-09,1,quantile,0.35,758.8222304151341,2025-11-12
ILI incidence,LU,2025-11-16,2,quantile,0.35,1348.4565872404419,2025-11-12
ILI incidence,LU,2025-11-23,3,quantile,0.35,2070.6521612768233,2025-11-12
ILI incidence,LU,2025-11-30,4,quantile,0.35,1943.7484350221478,2025-11-12
ILI incidence,LU,2025-11-09,1,quantile,0.4,1001.8185016260833,2025-11-12
ILI incidence,LU,2025-11-16,2,quantile,0.4,1535.3995191945896,2025-11-12
ILI incidence,LU,2025-11-23,3,quantile,0.4,2356.136618303285,2025-11-12
ILI incidence,LU,2025-11-30,4,quantile,0.4,2232.1369273092982,2025-11-12
ILI incidence,LU,2025-11-09,1,quantile,0.45,1129.530510883946,2025-11-12
ILI incidence,LU,2025-11-16,2,quantile,0.45,1766.5056062137865,2025-11-12
ILI incidence,LU,2025-11-23,3,quantile,0.45,2604.1974245371684,2025-11-12
ILI incidence,LU,2025-11-30,4,quantile,0.45,2668.174802671131,2025-11-12
ILI incidence,LU,2025-11-09,1,quantile,0.5,1229.526965951638,2025-11-12
ILI incidence,LU,2025-11-16,2,quantile,0.5,1828.3060763890392,2025-11-12
ILI incidence,LU,2025-11-23,3,quantile,0.5,2794.5605441982498,2025-11-12
ILI incidence,LU,2025-11-30,4,quantile,0.5,3089.994505830395,2025-11-12
ILI incidence,LU,2025-11-09,1,quantile,0.55,1551.1114645673417,2025-11-12
ILI incidence,LU,2025-11-16,2,quantile,0.55,1967.846711962435,2025-11-12
ILI incidence,LU,2025-11-23,3,quantile,0.55,3019.355099767384,2025-11-12
ILI incidence,LU,2025-11-30,4,quantile,0.55,3218.128832784533,2025-11-12
ILI incidence,LU,2025-11-09,1,quantile,0.6,1878.6092227180377,2025-11-12
ILI incidence,LU,2025-11-16,2,quantile,0.6,2150.938642855889,2025-11-12
ILI incidence,LU,2025-11-23,3,quantile,0.6,3233.551471874073,2025-11-12
ILI incidence,LU,2025-11-30,4,quantile,0.6,3370.2571226952045,2025-11-12
ILI incidence,LU,2025-11-09,1,quantile,0.65,2168.1662351223617,2025-11-12
ILI incidence,LU,2025-11-16,2,quantile,0.65,2362.2903350238744,2025-11-12
ILI incidence,LU,2025-11-23,3,quantile,0.65,3376.5193877007223,2025-11-12
ILI incidence,LU,2025-11-30,4,quantile,0.65,3650.538762613384,2025-11-12
ILI incidence,LU,2025-11-09,1,quantile,0.7,2549.8946154663986,2025-11-12
ILI incidence,LU,2025-11-16,2,quantile,0.7,2580.4180977722535,2025-11-12
ILI incidence,LU,2025-11-23,3,quantile,0.7,3522.488529386372,2025-11-12
ILI incidence,LU,2025-11-30,4,quantile,0.7,3969.4417138879257,2025-11-12
ILI incidence,LU,2025-11-09,1,quantile,0.75,2839.554778644577,2025-11-12
ILI incidence,LU,2025-11-16,2,quantile,0.75,2808.9131457344856,2025-11-12
ILI incidence,LU,2025-11-23,3,quantile,0.75,3678.510651392614,2025-11-12
ILI incidence,LU,2025-11-30,4,quantile,0.75,4496.952909189055,2025-11-12
ILI incidence,LU,2025-11-09,1,quantile,0.8,2990.301845199937,2025-11-12
ILI incidence,LU,2025-11-16,2,quantile,0.8,3145.1660168552007,2025-11-12
ILI incidence,LU,2025-11-23,3,quantile,0.8,3886.8908879434343,2025-11-12
ILI incidence,LU,2025-11-30,4,quantile,0.8,4847.335372153299,2025-11-12
ILI incidence,LU,2025-11-09,1,quantile,0.85,3168.3433023077614,2025-11-12
ILI incidence,LU,2025-11-16,2,quantile,0.85,3590.550296171889,2025-11-12
ILI incidence,LU,2025-11-23,3,quantile,0.85,4191.674263574324,2025-11-12
ILI incidence,LU,2025-11-30,4,quantile,0.85,5121.384543918231,2025-11-12
ILI incidence,LU,2025-11-09,1,quantile,0.9,3509.2338030020674,2025-11-12
ILI incidence,LU,2025-11-16,2,quantile,0.9,3958.4808511364986,2025-11-12
ILI incidence,LU,2025-11-23,3,quantile,0.9,4565.967098642638,2025-11-12
ILI incidence,LU,2025-11-30,4,quantile,0.9,5430.641279535379,2025-11-12
ILI incidence,LU,2025-11-09,1,quantile,0.95,4245.118472266478,2025-11-12
ILI incidence,LU,2025-11-16,2,quantile,0.95,5559.670250351994,2025-11-12
ILI incidence,LU,2025-11-23,3,quantile,0.95,5650.517063143696,2025-11-12
ILI incidence,LU,2025-11-30,4,quantile,0.95,5916.268527308773,2025-11-12
ILI incidence,LU,2025-11-09,1,quantile,0.975,5085.107679741116,2025-11-12
ILI incidence,LU,2025-11-16,2,quantile,0.975,6456.518605744658,2025-11-12
ILI incidence,LU,2025-11-23,3,quantile,0.975,6020.018845648104,2025-11-12
ILI incidence,LU,2025-11-30,4,quantile,0.975,6211.506481389913,2025-11-12
ILI incidence,LU,2025-11-09,1,quantile,0.99,5623.610941644464,2025-11-12
ILI incidence,LU,2025-11-16,2,quantile,0.99,6777.175489967963,2025-11-12
ILI incidence,LU,2025-11-23,3,quantile,0.99,6517.615030278478,2025-11-12
ILI incidence,LU,2025-11-30,4,quantile,0.99,6397.9435604782075,2025-11-12
ILI incidence,LU,2025-11-09,1,median,,1229.526965951638,2025-11-12
ILI incidence,LU,2025-11-16,2,median,,1828.3060763890392,2025-11-12
ILI incidence,LU,2025-11-23,3,median,,2794.5605441982498,2025-11-12
ILI incidence,LU,2025-11-30,4,median,,3089.994505830395,2025-11-12
ILI incidence,NL,2025-11-09,1,quantile,0.01,0.0,2025-11-12
ILI incidence,NL,2025-11-16,2,quantile,0.01,6.784116338731391,2025-11-12
ILI incidence,NL,2025-11-23,3,quantile,0.01,0.0,2025-11-12
ILI incidence,NL,2025-11-30,4,quantile,0.01,1.1619388053686615,2025-11-12
ILI incidence,NL,2025-11-09,1,quantile,0.025,0.0,2025-11-12
ILI incidence,NL,2025-11-16,2,quantile,0.025,7.190814231357687,2025-11-12
ILI incidence,NL,2025-11-23,3,quantile,0.025,0.0,2025-11-12
ILI incidence,NL,2025-11-30,4,quantile,0.025,3.076606239688471,2025-11-12
ILI incidence,NL,2025-11-09,1,quantile,0.05,0.0,2025-11-12
ILI incidence,NL,2025-11-16,2,quantile,0.05,7.999805150153586,2025-11-12
ILI incidence,NL,2025-11-23,3,quantile,0.05,0.0,2025-11-12
ILI incidence,NL,2025-11-30,4,quantile,0.05,5.219389646403101,2025-11-12
ILI incidence,NL,2025-11-09,1,quantile,0.1,0.0,2025-11-12
ILI incidence,NL,2025-11-16,2,quantile,0.1,9.135270433284255,2025-11-12
ILI incidence,NL,2025-11-23,3,quantile,0.1,0.0,2025-11-12
ILI incidence,NL,2025-11-30,4,quantile,0.1,8.743243201117036,2025-11-12
ILI incidence,NL,2025-11-09,1,quantile,0.15,0.0,2025-11-12
ILI incidence,NL,2025-11-16,2,quantile,0.15,11.254836356788774,2025-11-12
ILI incidence,NL,2025-11-23,3,quantile,0.15,2.1695616797170416,2025-11-12
ILI incidence,NL,2025-11-30,4,quantile,0.15,10.310364152731202,2025-11-12
ILI incidence,NL,2025-11-09,1,quantile,0.2,0.0,2025-11-12
ILI incidence,NL,2025-11-16,2,quantile,0.2,14.123192204414375,2025-11-12
ILI incidence,NL,2025-11-23,3,quantile,0.2,4.624271478019429,2025-11-12
ILI incidence,NL,2025-11-30,4,quantile,0.2,11.791215884453193,2025-11-12
ILI incidence,NL,2025-11-09,1,quantile,0.25,0.1808495936741803,2025-11-12
ILI incidence,NL,2025-11-16,2,quantile,0.25,16.189747495156453,2025-11-12
ILI incidence,NL,2025-11-23,3,quantile,0.25,6.610517721328521,2025-11-12
ILI incidence,NL,2025-11-30,4,quantile,0.25,13.398994618883485,2025-11-12
ILI incidence,NL,2025-11-09,1,quantile,0.3,1.8452315522545193,2025-11-12
ILI incidence,NL,2025-11-16,2,quantile,0.3,17.84513025747969,2025-11-12
ILI incidence,NL,2025-11-23,3,quantile,0.3,8.513988190858749,2025-11-12
ILI incidence,NL,2025-11-30,4,quantile,0.3,14.919481986661909,2025-11-12
ILI incidence,NL,2025-11-09,1,quantile,0.35,3.223945058216088,2025-11-12
ILI incidence,NL,2025-11-16,2,quantile,0.35,18.89861730114388,2025-11-12
ILI incidence,NL,2025-11-23,3,quantile,0.35,10.551222584744485,2025-11-12
ILI incidence,NL,2025-11-30,4,quantile,0.35,16.27063218404344,2025-11-12
ILI incidence,NL,2025-11-09,1,quantile,0.4,4.20538574782591,2025-11-12
ILI incidence,NL,2025-11-16,2,quantile,0.4,20.187621243727985,2025-11-12
ILI incidence,NL,2025-11-23,3,quantile,0.4,12.202164312428781,2025-11-12
ILI incidence,NL,2025-11-30,4,quantile,0.4,17.30276300158251,2025-11-12
ILI incidence,NL,2025-11-09,1,quantile,0.45,5.387365203220266,2025-11-12
ILI incidence,NL,2025-11-16,2,quantile,0.45,21.19858403314861,2025-11-12
ILI incidence,NL,2025-11-23,3,quantile,0.45,12.925903758906502,2025-11-12
ILI incidence,NL,2025-11-30,4,quantile,0.45,18.31975543747521,2025-11-12
ILI incidence,NL,2025-11-09,1,quantile,0.5,7.104233727355477,2025-11-12
ILI incidence,NL,2025-11-16,2,quantile,0.5,22.15036734194468,2025-11-12
ILI incidence,NL,2025-11-23,3,quantile,0.5,13.318445990572766,2025-11-12
ILI incidence,NL,2025-11-30,4,quantile,0.5,19.371892293240613,2025-11-12
ILI incidence,NL,2025-11-09,1,quantile,0.55,9.133947030044533,2025-11-12
ILI incidence,NL,2025-11-16,2,quantile,0.55,23.15262841995661,2025-11-12
ILI incidence,NL,2025-11-23,3,quantile,0.55,14.798557296441922,2025-11-12
ILI incidence,NL,2025-11-30,4,quantile,0.55,20.180110721544093,2025-11-12
ILI incidence,NL,2025-11-09,1,quantile,0.6,10.538196529897213,2025-11-12
ILI incidence,NL,2025-11-16,2,quantile,0.6,23.397615366460435,2025-11-12
ILI incidence,NL,2025-11-23,3,quantile,0.6,16.644819105583288,2025-11-12
ILI incidence,NL,2025-11-30,4,quantile,0.6,21.07036557393685,2025-11-12
ILI incidence,NL,2025-11-09,1,quantile,0.65,11.762507499187768,2025-11-12
ILI incidence,NL,2025-11-16,2,quantile,0.65,25.428593507437647,2025-11-12
ILI incidence,NL,2025-11-23,3,quantile,0.65,19.346408493851392,2025-11-12
ILI incidence,NL,2025-11-30,4,quantile,0.65,21.903979084258612,2025-11-12
ILI incidence,NL,2025-11-09,1,quantile,0.7,13.718904745629095,2025-11-12
ILI incidence,NL,2025-11-16,2,quantile,0.7,27.183348852674488,2025-11-12
ILI incidence,NL,2025-11-23,3,quantile,0.7,19.851627955665794,2025-11-12
ILI incidence,NL,2025-11-30,4,quantile,0.7,22.687740499077453,2025-11-12
ILI incidence,NL,2025-11-09,1,quantile,0.75,14.700184773488646,2025-11-12
ILI incidence,NL,2025-11-16,2,quantile,0.75,29.18057551054369,2025-11-12
ILI incidence,NL,2025-11-23,3,quantile,0.75,20.56686706773738,2025-11-12
ILI incidence,NL,2025-11-30,4,quantile,0.75,24.430831821592562,2025-11-12
ILI incidence,NL,2025-11-09,1,quantile,0.8,15.47214480457093,2025-11-12
ILI incidence,NL,2025-11-16,2,quantile,0.8,30.73552432538444,2025-11-12
ILI incidence,NL,2025-11-23,3,quantile,0.8,21.9064600617147,2025-11-12
ILI incidence,NL,2025-11-30,4,quantile,0.8,26.985448151788223,2025-11-12
ILI incidence,NL,2025-11-09,1,quantile,0.85,16.97113028657847,2025-11-12
ILI incidence,NL,2025-11-16,2,quantile,0.85,32.70613939622149,2025-11-12
ILI incidence,NL,2025-11-23,3,quantile,0.85,25.84722789600428,2025-11-12
ILI incidence,NL,2025-11-30,4,quantile,0.85,31.026906644885056,2025-11-12
ILI incidence,NL,2025-11-09,1,quantile,0.9,19.849330171594943,2025-11-12
ILI incidence,NL,2025-11-16,2,quantile,0.9,34.57950318480188,2025-11-12
ILI incidence,NL,2025-11-23,3,quantile,0.9,30.038300513323,2025-11-12
ILI incidence,NL,2025-11-30,4,quantile,0.9,33.792911881413815,2025-11-12
ILI incidence,NL,2025-11-09,1,quantile,0.95,25.250021779721816,2025-11-12
ILI incidence,NL,2025-11-16,2,quantile,0.95,37.86272537042783,2025-11-12
ILI incidence,NL,2025-11-23,3,quantile,0.95,31.779443414134477,2025-11-12
ILI incidence,NL,2025-11-30,4,quantile,0.95,37.274310952067275,2025-11-12
ILI incidence,NL,2025-11-09,1,quantile,0.975,29.968561193551576,2025-11-12
ILI incidence,NL,2025-11-16,2,quantile,0.975,40.23998254934698,2025-11-12
ILI incidence,NL,2025-11-23,3,quantile,0.975,32.29719181693437,2025-11-12
ILI incidence,NL,2025-11-30,4,quantile,0.975,38.43907778156891,2025-11-12
ILI incidence,NL,2025-11-09,1,quantile,0.99,31.210402229092566,2025-11-12
ILI incidence,NL,2025-11-16,2,quantile,0.99,41.28395891214122,2025-11-12
ILI incidence,NL,2025-11-23,3,quantile,0.99,32.942689884212854,2025-11-12
ILI incidence,NL,2025-11-30,4,quantile,0.99,39.967721239363755,2025-11-12
ILI incidence,NL,2025-11-09,1,median,,7.104233727355477,2025-11-12
ILI incidence,NL,2025-11-16,2,median,,22.15036734194468,2025-11-12
ILI incidence,NL,2025-11-23,3,median,,13.318445990572766,2025-11-12
ILI incidence,NL,2025-11-30,4,median,,19.371892293240613,2025-11-12
ILI incidence,NO,2025-11-09,1,quantile,0.01,0.0,2025-11-12
ILI incidence,NO,2025-11-16,2,quantile,0.01,0.0,2025-11-12
ILI incidence,NO,2025-11-23,3,quantile,0.01,2.366468060080672,2025-11-12
ILI incidence,NO,2025-11-30,4,quantile,0.01,0.0,2025-11-12
ILI incidence,NO,2025-11-09,1,quantile,0.025,0.0,2025-11-12
ILI incidence,NO,2025-11-16,2,quantile,0.025,0.0,2025-11-12
ILI incidence,NO,2025-11-23,3,quantile,0.025,3.7619315905165194,2025-11-12
ILI incidence,NO,2025-11-30,4,quantile,0.025,0.0,2025-11-12
ILI incidence,NO,2025-11-09,1,quantile,0.05,0.0,2025-11-12
ILI incidence,NO,2025-11-16,2,quantile,0.05,3.2343027490806313,2025-11-12
ILI incidence,NO,2025-11-23,3,quantile,0.05,5.971347981206055,2025-11-12
ILI incidence,NO,2025-11-30,4,quantile,0.05,0.008198532381836238,2025-11-12
ILI incidence,NO,2025-11-09,1,quantile,0.1,0.0,2025-11-12
ILI incidence,NO,2025-11-16,2,quantile,0.1,6.088179413198119,2025-11-12
ILI incidence,NO,2025-11-23,3,quantile,0.1,9.061067195228274,2025-11-12
ILI incidence,NO,2025-11-30,4,quantile,0.1,7.5450403248698175,2025-11-12
ILI incidence,NO,2025-11-09,1,quantile,0.15,0.0,2025-11-12
ILI incidence,NO,2025-11-16,2,quantile,0.15,8.495533773549578,2025-11-12
ILI incidence,NO,2025-11-23,3,quantile,0.15,11.852233047332435,2025-11-12
ILI incidence,NO,2025-11-30,4,quantile,0.15,10.612647662506426,2025-11-12
ILI incidence,NO,2025-11-09,1,quantile,0.2,0.0,2025-11-12
ILI incidence,NO,2025-11-16,2,quantile,0.2,9.172531602306684,2025-11-12
ILI incidence,NO,2025-11-23,3,quantile,0.2,13.41593906467925,2025-11-12
ILI incidence,NO,2025-11-30,4,quantile,0.2,12.497370647844614,2025-11-12
ILI incidence,NO,2025-11-09,1,quantile,0.25,3.2806816751853995,2025-11-12
ILI incidence,NO,2025-11-16,2,quantile,0.25,12.377132419599864,2025-11-12
ILI incidence,NO,2025-11-23,3,quantile,0.25,15.053265141701008,2025-11-12
ILI incidence,NO,2025-11-30,4,quantile,0.25,13.371705882869062,2025-11-12
ILI incidence,NO,2025-11-09,1,quantile,0.3,7.231570711735748,2025-11-12
ILI incidence,NO,2025-11-16,2,quantile,0.3,14.792115792770106,2025-11-12
ILI incidence,NO,2025-11-23,3,quantile,0.3,16.632244988841723,2025-11-12
ILI incidence,NO,2025-11-30,4,quantile,0.3,14.288375736779361,2025-11-12
ILI incidence,NO,2025-11-09,1,quantile,0.35,8.47044243358667,2025-11-12
ILI incidence,NO,2025-11-16,2,quantile,0.35,17.838184244264703,2025-11-12
ILI incidence,NO,2025-11-23,3,quantile,0.35,17.822566193771447,2025-11-12
ILI incidence,NO,2025-11-30,4,quantile,0.35,14.559609397146415,2025-11-12
ILI incidence,NO,2025-11-09,1,quantile,0.4,10.037005762917035,2025-11-12
ILI incidence,NO,2025-11-16,2,quantile,0.4,19.82008938509807,2025-11-12
ILI incidence,NO,2025-11-23,3,quantile,0.4,18.867487622418096,2025-11-12
ILI incidence,NO,2025-11-30,4,quantile,0.4,15.910365051358259,2025-11-12
ILI incidence,NO,2025-11-09,1,quantile,0.45,11.646470865701916,2025-11-12
ILI incidence,NO,2025-11-16,2,quantile,0.45,21.832089366889033,2025-11-12
ILI incidence,NO,2025-11-23,3,quantile,0.45,20.236259287783696,2025-11-12
ILI incidence,NO,2025-11-30,4,quantile,0.45,17.645080240116794,2025-11-12
ILI incidence,NO,2025-11-09,1,quantile,0.5,13.189866771667191,2025-11-12
ILI incidence,NO,2025-11-16,2,quantile,0.5,24.306561280539885,2025-11-12
ILI incidence,NO,2025-11-23,3,quantile,0.5,21.591054653282384,2025-11-12
ILI incidence,NO,2025-11-30,4,quantile,0.5,20.213847784195295,2025-11-12
ILI incidence,NO,2025-11-09,1,quantile,0.55,15.054274919696594,2025-11-12
ILI incidence,NO,2025-11-16,2,quantile,0.55,27.131202651271085,2025-11-12
ILI incidence,NO,2025-11-23,3,quantile,0.55,23.165500699803616,2025-11-12
ILI incidence,NO,2025-11-30,4,quantile,0.55,23.439939210361366,2025-11-12
ILI incidence,NO,2025-11-09,1,quantile,0.6,16.753599005097918,2025-11-12
ILI incidence,NO,2025-11-16,2,quantile,0.6,30.217772524139853,2025-11-12
ILI incidence,NO,2025-11-23,3,quantile,0.6,25.036134396336443,2025-11-12
ILI incidence,NO,2025-11-30,4,quantile,0.6,26.779168358927002,2025-11-12
ILI incidence,NO,2025-11-09,1,quantile,0.65,18.614701747440744,2025-11-12
ILI incidence,NO,2025-11-16,2,quantile,0.65,32.60840996441402,2025-11-12
ILI incidence,NO,2025-11-23,3,quantile,0.65,27.448448807945038,2025-11-12
ILI incidence,NO,2025-11-30,4,quantile,0.65,29.712411138317094,2025-11-12
ILI incidence,NO,2025-11-09,1,quantile,0.7,19.937952251274314,2025-11-12
ILI incidence,NO,2025-11-16,2,quantile,0.7,34.86702890817505,2025-11-12
ILI incidence,NO,2025-11-23,3,quantile,0.7,30.640843274232047,2025-11-12
ILI incidence,NO,2025-11-30,4,quantile,0.7,33.88502124551047,2025-11-12
ILI incidence,NO,2025-11-09,1,quantile,0.75,22.846809156777056,2025-11-12
ILI incidence,NO,2025-11-16,2,quantile,0.75,37.547227326642385,2025-11-12
ILI incidence,NO,2025-11-23,3,quantile,0.75,32.868475929871096,2025-11-12
ILI incidence,NO,2025-11-30,4,quantile,0.75,37.20866751723911,2025-11-12
ILI incidence,NO,2025-11-09,1,quantile,0.8,27.238521523138285,2025-11-12
ILI incidence,NO,2025-11-16,2,quantile,0.8,41.3391020619985,2025-11-12
ILI incidence,NO,2025-11-23,3,quantile,0.8,34.31348226187753,2025-11-12
ILI incidence,NO,2025-11-30,4,quantile,0.8,39.31305079896186,2025-11-12
ILI incidence,NO,2025-11-09,1,quantile,0.85,31.462847643756227,2025-11-12
ILI incidence,NO,2025-11-16,2,quantile,0.85,45.95867011976945,2025-11-12
ILI incidence,NO,2025-11-23,3,quantile,0.85,35.81505061570271,2025-11-12
ILI incidence,NO,2025-11-30,4,quantile,0.85,43.76656808861251,2025-11-12
ILI incidence,NO,2025-11-09,1,quantile,0.9,34.71536180836666,2025-11-12
ILI incidence,NO,2025-11-16,2,quantile,0.9,49.87821425833526,2025-11-12
ILI incidence,NO,2025-11-23,3,quantile,0.9,38.22665441962487,2025-11-12
ILI incidence,NO,2025-11-30,4,quantile,0.9,48.77496946187698,2025-11-12
ILI incidence,NO,2025-11-09,1,quantile,0.95,41.81539658883673,2025-11-12
ILI incidence,NO,2025-11-16,2,quantile,0.95,50.37601173966409,2025-11-12
ILI incidence,NO,2025-11-23,3,quantile,0.95,42.95312190814894,2025-11-12
ILI incidence,NO,2025-11-30,4,quantile,0.95,51.587411103071894,2025-11-12
ILI incidence,NO,2025-11-09,1,quantile,0.975,44.25055437039799,2025-11-12
ILI incidence,NO,2025-11-16,2,quantile,0.975,51.43708131039042,2025-11-12
ILI incidence,NO,2025-11-23,3,quantile,0.975,45.487273279697874,2025-11-12
ILI incidence,NO,2025-11-30,4,quantile,0.975,51.95462386241942,2025-11-12
ILI incidence,NO,2025-11-09,1,quantile,0.99,46.25149287020657,2025-11-12
ILI incidence,NO,2025-11-16,2,quantile,0.99,51.85062641155855,2025-11-12
ILI incidence,NO,2025-11-23,3,quantile,0.99,47.804991866231866,2025-11-12
ILI incidence,NO,2025-11-30,4,quantile,0.99,54.902810002703724,2025-11-12
ILI incidence,NO,2025-11-09,1,median,,13.189866771667191,2025-11-12
ILI incidence,NO,2025-11-16,2,median,,24.306561280539885,2025-11-12
ILI incidence,NO,2025-11-23,3,median,,21.591054653282384,2025-11-12
ILI incidence,NO,2025-11-30,4,median,,20.213847784195295,2025-11-12
ILI incidence,PL,2025-11-09,1,quantile,0.01,176.25036391698535,2025-11-12
ILI incidence,PL,2025-11-16,2,quantile,0.01,152.43111438263975,2025-11-12
ILI incidence,PL,2025-11-23,3,quantile,0.01,151.71216737936652,2025-11-12
ILI incidence,PL,2025-11-30,4,quantile,0.01,141.39290367792987,2025-11-12
ILI incidence,PL,2025-11-09,1,quantile,0.025,194.48382083725838,2025-11-12
ILI incidence,PL,2025-11-16,2,quantile,0.025,158.68943373450898,2025-11-12
ILI incidence,PL,2025-11-23,3,quantile,0.025,168.3672145202654,2025-11-12
ILI incidence,PL,2025-11-30,4,quantile,0.025,146.34151858339408,2025-11-12
ILI incidence,PL,2025-11-09,1,quantile,0.05,210.68521936239486,2025-11-12
ILI incidence,PL,2025-11-16,2,quantile,0.05,185.31772351999322,2025-11-12
ILI incidence,PL,2025-11-23,3,quantile,0.05,189.9688934511359,2025-11-12
ILI incidence,PL,2025-11-30,4,quantile,0.05,172.69917308175306,2025-11-12
ILI incidence,PL,2025-11-09,1,quantile,0.1,224.76540542053974,2025-11-12
ILI incidence,PL,2025-11-16,2,quantile,0.1,209.8657747872169,2025-11-12
ILI incidence,PL,2025-11-23,3,quantile,0.1,240.51808526303643,2025-11-12
ILI incidence,PL,2025-11-30,4,quantile,0.1,188.7190154442908,2025-11-12
ILI incidence,PL,2025-11-09,1,quantile,0.15,235.3943148684692,2025-11-12
ILI incidence,PL,2025-11-16,2,quantile,0.15,216.8126105195533,2025-11-12
ILI incidence,PL,2025-11-23,3,quantile,0.15,249.87065782843268,2025-11-12
ILI incidence,PL,2025-11-30,4,quantile,0.15,194.75237908504386,2025-11-12
ILI incidence,PL,2025-11-09,1,quantile,0.2,243.46319472895428,2025-11-12
ILI incidence,PL,2025-11-16,2,quantile,0.2,223.48312017608288,2025-11-12
ILI incidence,PL,2025-11-23,3,quantile,0.2,258.3322255898083,2025-11-12
ILI incidence,PL,2025-11-30,4,quantile,0.2,202.2331507008603,2025-11-12
ILI incidence,PL,2025-11-09,1,quantile,0.25,249.52423007382433,2025-11-12
ILI incidence,PL,2025-11-16,2,quantile,0.25,227.11557225089183,2025-11-12
ILI incidence,PL,2025-11-23,3,quantile,0.25,267.92344253646183,2025-11-12
ILI incidence,PL,2025-11-30,4,quantile,0.25,218.8868243497803,2025-11-12
ILI incidence,PL,2025-11-09,1,quantile,0.3,258.77249809047044,2025-11-12
ILI incidence,PL,2025-11-16,2,quantile,0.3,231.78255442893814,2025-11-12
ILI incidence,PL,2025-11-23,3,quantile,0.3,280.1053704363195,2025-11-12
ILI incidence,PL,2025-11-30,4,quantile,0.3,234.95071109504835,2025-11-12
ILI incidence,PL,2025-11-09,1,quantile,0.35,264.14845011375013,2025-11-12
ILI incidence,PL,2025-11-16,2,quantile,0.35,242.24651655249698,2025-11-12
ILI incidence,PL,2025-11-23,3,quantile,0.35,292.78100601857807,2025-11-12
ILI incidence,PL,2025-11-30,4,quantile,0.35,248.85709323380303,2025-11-12
ILI incidence,PL,2025-11-09,1,quantile,0.4,271.2799033714504,2025-11-12
ILI incidence,PL,2025-11-16,2,quantile,0.4,255.70265036738482,2025-11-12
ILI incidence,PL,2025-11-23,3,quantile,0.4,305.335723541439,2025-11-12
ILI incidence,PL,2025-11-30,4,quantile,0.4,255.52142934898535,2025-11-12
ILI incidence,PL,2025-11-09,1,quantile,0.45,279.0883026664669,2025-11-12
ILI incidence,PL,2025-11-16,2,quantile,0.45,265.0615948356261,2025-11-12
ILI incidence,PL,2025-11-23,3,quantile,0.45,329.36434513926116,2025-11-12
ILI incidence,PL,2025-11-30,4,quantile,0.45,260.1509392163145,2025-11-12
ILI incidence,PL,2025-11-09,1,quantile,0.5,286.0204050637386,2025-11-12
ILI incidence,PL,2025-11-16,2,quantile,0.5,276.2392336169518,2025-11-12
ILI incidence,PL,2025-11-23,3,quantile,0.5,344.0745787857126,2025-11-12
ILI incidence,PL,2025-11-30,4,quantile,0.5,267.8279691113338,2025-11-12
ILI incidence,PL,2025-11-09,1,quantile,0.55,294.64784809408206,2025-11-12
ILI incidence,PL,2025-11-16,2,quantile,0.55,294.47638200655103,2025-11-12
ILI incidence,PL,2025-11-23,3,quantile,0.55,360.4350671080392,2025-11-12
ILI incidence,PL,2025-11-30,4,quantile,0.55,273.82689011072665,2025-11-12
ILI incidence,PL,2025-11-09,1,quantile,0.6,302.7173726877035,2025-11-12
ILI incidence,PL,2025-11-16,2,quantile,0.6,306.5555284767002,2025-11-12
ILI incidence,PL,2025-11-23,3,quantile,0.6,371.51352612812775,2025-11-12
ILI incidence,PL,2025-11-30,4,quantile,0.6,281.63908690961034,2025-11-12
ILI incidence,PL,2025-11-09,1,quantile,0.65,308.08198193044615,2025-11-12
ILI incidence,PL,2025-11-16,2,quantile,0.65,315.248543810483,2025-11-12
ILI incidence,PL,2025-11-23,3,quantile,0.65,382.2178624483452,2025-11-12
ILI incidence,PL,2025-11-30,4,quantile,0.65,290.8894346858433,2025-11-12
ILI incidence,PL,2025-11-09,1,quantile,0.7,312.70749506398954,2025-11-12
ILI incidence,PL,2025-11-16,2,quantile,0.7,322.0848473606757,2025-11-12
ILI incidence,PL,2025-11-23,3,quantile,0.7,389.04477359587344,2025-11-12
ILI incidence,PL,2025-11-30,4,quantile,0.7,297.92560789665754,2025-11-12
ILI incidence,PL,2025-11-09,1,quantile,0.75,318.15479746061317,2025-11-12
ILI incidence,PL,2025-11-16,2,quantile,0.75,335.1829403443751,2025-11-12
ILI incidence,PL,2025-11-23,3,quantile,0.75,398.7632689060185,2025-11-12
ILI incidence,PL,2025-11-30,4,quantile,0.75,311.45117426284435,2025-11-12
ILI incidence,PL,2025-11-09,1,quantile,0.8,329.1205460782331,2025-11-12
ILI incidence,PL,2025-11-16,2,quantile,0.8,340.04592722996387,2025-11-12
ILI incidence,PL,2025-11-23,3,quantile,0.8,410.0101260908673,2025-11-12
ILI incidence,PL,2025-11-30,4,quantile,0.8,328.5789249346377,2025-11-12
ILI incidence,PL,2025-11-09,1,quantile,0.85,339.4815988363303,2025-11-12
ILI incidence,PL,2025-11-16,2,quantile,0.85,361.6309936276447,2025-11-12
ILI incidence,PL,2025-11-23,3,quantile,0.85,426.06631113681465,2025-11-12
ILI incidence,PL,2025-11-30,4,quantile,0.85,334.5191480586301,2025-11-12
ILI incidence,PL,2025-11-09,1,quantile,0.9,355.1581401680285,2025-11-12
ILI incidence,PL,2025-11-16,2,quantile,0.9,370.4431849212783,2025-11-12
ILI incidence,PL,2025-11-23,3,quantile,0.9,437.2212557798089,2025-11-12
ILI incidence,PL,2025-11-30,4,quantile,0.9,346.44624366342066,2025-11-12
ILI incidence,PL,2025-11-09,1,quantile,0.95,381.26911588544004,2025-11-12
ILI incidence,PL,2025-11-16,2,quantile,0.95,401.919953922639,2025-11-12
ILI incidence,PL,2025-11-23,3,quantile,0.95,481.86911897213656,2025-11-12
ILI incidence,PL,2025-11-30,4,quantile,0.95,357.15353627540105,2025-11-12
ILI incidence,PL,2025-11-09,1,quantile,0.975,406.6276634796182,2025-11-12
ILI incidence,PL,2025-11-16,2,quantile,0.975,435.9450177183781,2025-11-12
ILI incidence,PL,2025-11-23,3,quantile,0.975,531.6979126462509,2025-11-12
ILI incidence,PL,2025-11-30,4,quantile,0.975,374.9721401762527,2025-11-12
ILI incidence,PL,2025-11-09,1,quantile,0.99,483.7195379943564,2025-11-12
ILI incidence,PL,2025-11-16,2,quantile,0.99,472.27817464846333,2025-11-12
ILI incidence,PL,2025-11-23,3,quantile,0.99,551.2297032513915,2025-11-12
ILI incidence,PL,2025-11-30,4,quantile,0.99,403.9212856555297,2025-11-12
ILI incidence,PL,2025-11-09,1,median,,286.0204050637386,2025-11-12
ILI incidence,PL,2025-11-16,2,median,,276.2392336169518,2025-11-12
ILI incidence,PL,2025-11-23,3,median,,344.0745787857126,2025-11-12
ILI incidence,PL,2025-11-30,4,median,,267.8279691113338,2025-11-12
ILI incidence,SI,2025-11-09,1,quantile,0.01,0.0,2025-11-12
ILI incidence,SI,2025-11-16,2,quantile,0.01,0.0,2025-11-12
ILI incidence,SI,2025-11-23,3,quantile,0.01,0.0,2025-11-12
ILI incidence,SI,2025-11-30,4,quantile,0.01,0.0,2025-11-12
ILI incidence,SI,2025-11-09,1,quantile,0.025,0.0,2025-11-12
ILI incidence,SI,2025-11-16,2,quantile,0.025,0.0,2025-11-12
ILI incidence,SI,2025-11-23,3,quantile,0.025,0.0,2025-11-12
ILI incidence,SI,2025-11-30,4,quantile,0.025,0.0,2025-11-12
ILI incidence,SI,2025-11-09,1,quantile,0.05,0.0,2025-11-12
ILI incidence,SI,2025-11-16,2,quantile,0.05,0.0,2025-11-12
ILI incidence,SI,2025-11-23,3,quantile,0.05,0.0,2025-11-12
ILI incidence,SI,2025-11-30,4,quantile,0.05,0.0,2025-11-12
ILI incidence,SI,2025-11-09,1,quantile,0.1,0.0,2025-11-12
ILI incidence,SI,2025-11-16,2,quantile,0.1,0.0,2025-11-12
ILI incidence,SI,2025-11-23,3,quantile,0.1,0.0,2025-11-12
ILI incidence,SI,2025-11-30,4,quantile,0.1,0.0,2025-11-12
ILI incidence,SI,2025-11-09,1,quantile,0.15,0.0,2025-11-12
ILI incidence,SI,2025-11-16,2,quantile,0.15,0.0,2025-11-12
ILI incidence,SI,2025-11-23,3,quantile,0.15,0.0,2025-11-12
ILI incidence,SI,2025-11-30,4,quantile,0.15,0.0,2025-11-12
ILI incidence,SI,2025-11-09,1,quantile,0.2,0.0,2025-11-12
ILI incidence,SI,2025-11-16,2,quantile,0.2,0.0,2025-11-12
ILI incidence,SI,2025-11-23,3,quantile,0.2,0.0,2025-11-12
ILI incidence,SI,2025-11-30,4,quantile,0.2,0.0,2025-11-12
ILI incidence,SI,2025-11-09,1,quantile,0.25,0.0,2025-11-12
ILI incidence,SI,2025-11-16,2,quantile,0.25,0.0,2025-11-12
ILI incidence,SI,2025-11-23,3,quantile,0.25,0.0,2025-11-12
ILI incidence,SI,2025-11-30,4,quantile,0.25,0.0,2025-11-12
ILI incidence,SI,2025-11-09,1,quantile,0.3,0.0,2025-11-12
ILI incidence,SI,2025-11-16,2,quantile,0.3,1.0522885265411974,2025-11-12
ILI incidence,SI,2025-11-23,3,quantile,0.3,0.0,2025-11-12
ILI incidence,SI,2025-11-30,4,quantile,0.3,1.0594566889914476,2025-11-12
ILI incidence,SI,2025-11-09,1,quantile,0.35,0.0,2025-11-12
ILI incidence,SI,2025-11-16,2,quantile,0.35,4.450058405227073,2025-11-12
ILI incidence,SI,2025-11-23,3,quantile,0.35,0.0,2025-11-12
ILI incidence,SI,2025-11-30,4,quantile,0.35,2.1421868490585005,2025-11-12
ILI incidence,SI,2025-11-09,1,quantile,0.4,0.0,2025-11-12
ILI incidence,SI,2025-11-16,2,quantile,0.4,6.804791916652829,2025-11-12
ILI incidence,SI,2025-11-23,3,quantile,0.4,0.0,2025-11-12
ILI incidence,SI,2025-11-30,4,quantile,0.4,3.1932894186988405,2025-11-12
ILI incidence,SI,2025-11-09,1,quantile,0.45,0.0,2025-11-12
ILI incidence,SI,2025-11-16,2,quantile,0.45,9.188051564664848,2025-11-12
ILI incidence,SI,2025-11-23,3,quantile,0.45,1.808767510150029,2025-11-12
ILI incidence,SI,2025-11-30,4,quantile,0.45,4.4822508402246495,2025-11-12
ILI incidence,SI,2025-11-09,1,quantile,0.5,0.0,2025-11-12
ILI incidence,SI,2025-11-16,2,quantile,0.5,9.824202375309913,2025-11-12
ILI incidence,SI,2025-11-23,3,quantile,0.5,2.640112842380633,2025-11-12
ILI incidence,SI,2025-11-30,4,quantile,0.5,6.9173783298517915,2025-11-12
ILI incidence,SI,2025-11-09,1,quantile,0.55,0.0,2025-11-12
ILI incidence,SI,2025-11-16,2,quantile,0.55,10.948980593978085,2025-11-12
ILI incidence,SI,2025-11-23,3,quantile,0.55,3.669637976429486,2025-11-12
ILI incidence,SI,2025-11-30,4,quantile,0.55,8.844624567550293,2025-11-12
ILI incidence,SI,2025-11-09,1,quantile,0.6,0.0,2025-11-12
ILI incidence,SI,2025-11-16,2,quantile,0.6,13.54023713760537,2025-11-12
ILI incidence,SI,2025-11-23,3,quantile,0.6,4.917833726781417,2025-11-12
ILI incidence,SI,2025-11-30,4,quantile,0.6,9.117475291958678,2025-11-12
ILI incidence,SI,2025-11-09,1,quantile,0.65,0.0,2025-11-12
ILI incidence,SI,2025-11-16,2,quantile,0.65,15.090390559053036,2025-11-12
ILI incidence,SI,2025-11-23,3,quantile,0.65,7.574337306173397,2025-11-12
ILI incidence,SI,2025-11-30,4,quantile,0.65,10.057023942397135,2025-11-12
ILI incidence,SI,2025-11-09,1,quantile,0.7,0.0,2025-11-12
ILI incidence,SI,2025-11-16,2,quantile,0.7,17.51554930388349,2025-11-12
ILI incidence,SI,2025-11-23,3,quantile,0.7,11.578610565107388,2025-11-12
ILI incidence,SI,2025-11-30,4,quantile,0.7,11.439241583673468,2025-11-12
ILI incidence,SI,2025-11-09,1,quantile,0.75,0.0,2025-11-12
ILI incidence,SI,2025-11-16,2,quantile,0.75,19.440196199016647,2025-11-12
ILI incidence,SI,2025-11-23,3,quantile,0.75,16.280924227960508,2025-11-12
ILI incidence,SI,2025-11-30,4,quantile,0.75,13.451018712257333,2025-11-12
ILI incidence,SI,2025-11-09,1,quantile,0.8,0.0,2025-11-12
ILI incidence,SI,2025-11-16,2,quantile,0.8,22.03458962674336,2025-11-12
ILI incidence,SI,2025-11-23,3,quantile,0.8,21.31691177238111,2025-11-12
ILI incidence,SI,2025-11-30,4,quantile,0.8,16.29289675169351,2025-11-12
ILI incidence,SI,2025-11-09,1,quantile,0.85,0.13550035741233585,2025-11-12
ILI incidence,SI,2025-11-16,2,quantile,0.85,27.626345534594932,2025-11-12
ILI incidence,SI,2025-11-23,3,quantile,0.85,27.781017442299763,2025-11-12
ILI incidence,SI,2025-11-30,4,quantile,0.85,19.14310846528001,2025-11-12
ILI incidence,SI,2025-11-09,1,quantile,0.9,10.199138709210441,2025-11-12
ILI incidence,SI,2025-11-16,2,quantile,0.9,40.65393032619872,2025-11-12
ILI incidence,SI,2025-11-23,3,quantile,0.9,30.15382973774555,2025-11-12
ILI incidence,SI,2025-11-30,4,quantile,0.9,22.03130959442466,2025-11-12
ILI incidence,SI,2025-11-09,1,quantile,0.95,23.891225585644516,2025-11-12
ILI incidence,SI,2025-11-16,2,quantile,0.95,50.20200540901205,2025-11-12
ILI incidence,SI,2025-11-23,3,quantile,0.95,33.18161956528409,2025-11-12
ILI incidence,SI,2025-11-30,4,quantile,0.95,26.50080179212617,2025-11-12
ILI incidence,SI,2025-11-09,1,quantile,0.975,28.262155999901392,2025-11-12
ILI incidence,SI,2025-11-16,2,quantile,0.975,58.031883957410095,2025-11-12
ILI incidence,SI,2025-11-23,3,quantile,0.975,47.22500186795242,2025-11-12
ILI incidence,SI,2025-11-30,4,quantile,0.975,29.622700442888224,2025-11-12
ILI incidence,SI,2025-11-09,1,quantile,0.99,33.57883171337829,2025-11-12
ILI incidence,SI,2025-11-16,2,quantile,0.99,62.34535249618903,2025-11-12
ILI incidence,SI,2025-11-23,3,quantile,0.99,55.45028227655711,2025-11-12
ILI incidence,SI,2025-11-30,4,quantile,0.99,31.6093703054751,2025-11-12
ILI incidence,SI,2025-11-09,1,median,,0.0,2025-11-12
ILI incidence,SI,2025-11-16,2,median,,9.824202375309913,2025-11-12
ILI incidence,SI,2025-11-23,3,median,,2.640112842380633,2025-11-12
ILI incidence,SI,2025-11-30,4,median,,6.9173783298517915,2025-11-12
ARI incidence,BE,2025-11-09,1,quantile,0.01,195.0159730385846,2025-11-12
ARI incidence,BE,2025-11-16,2,quantile,0.01,624.7561830014326,2025-11-12
ARI incidence,BE,2025-11-23,3,quantile,0.01,50.09417815523494,2025-11-12
ARI incidence,BE,2025-11-30,4,quantile,0.01,547.057049517769,2025-11-12
ARI incidence,BE,2025-11-09,1,quantile,0.025,280.98297889438936,2025-11-12
ARI incidence,BE,2025-11-16,2,quantile,0.025,631.458444590183,2025-11-12
ARI incidence,BE,2025-11-23,3,quantile,0.025,488.9670344494941,2025-11-12
ARI incidence,BE,2025-11-30,4,quantile,0.025,556.8915773147762,2025-11-12
ARI incidence,BE,2025-11-09,1,quantile,0.05,612.7417703108321,2025-11-12
ARI incidence,BE,2025-11-16,2,quantile,0.05,659.401427082934,2025-11-12
ARI incidence,BE,2025-11-23,3,quantile,0.05,606.238475041556,2025-11-12
ARI incidence,BE,2025-11-30,4,quantile,0.05,568.6375093227163,2025-11-12
ARI incidence,BE,2025-11-09,1,quantile,0.1,735.2511279466025,2025-11-12
ARI incidence,BE,2025-11-16,2,quantile,0.1,699.3887558912242,2025-11-12
ARI incidence,BE,2025-11-23,3,quantile,0.1,623.5954702363598,2025-11-12
ARI incidence,BE,2025-11-30,4,quantile,0.1,605.4334218933324,2025-11-12
ARI incidence,BE,2025-11-09,1,quantile,0.15,782.8595282088155,2025-11-12
ARI incidence,BE,2025-11-16,2,quantile,0.15,737.1549745094478,2025-11-12
ARI incidence,BE,2025-11-23,3,quantile,0.15,655.3501643284991,2025-11-12
ARI incidence,BE,2025-11-30,4,quantile,0.15,630.3153200196866,2025-11-12
ARI incidence,BE,2025-11-09,1,quantile,0.2,832.029915593341,2025-11-12
ARI incidence,BE,2025-11-16,2,quantile,0.2,757.1098422783253,2025-11-12
ARI incidence,BE,2025-11-23,3,quantile,0.2,668.4101956581479,2025-11-12
ARI incidence,BE,2025-11-30,4,quantile,0.2,657.3502898483192,2025-11-12
ARI incidence,BE,2025-11-09,1,quantile,0.25,875.6760420969483,2025-11-12
ARI incidence,BE,2025-11-16,2,quantile,0.25,770.6684275429525,2025-11-12
ARI incidence,BE,2025-11-23,3,quantile,0.25,683.4213972697453,2025-11-12
ARI incidence,BE,2025-11-30,4,quantile,0.25,669.9598885969351,2025-11-12
ARI incidence,BE,2025-11-09,1,quantile,0.3,914.8002315838257,2025-11-12
ARI incidence,BE,2025-11-16,2,quantile,0.3,793.5414184240541,2025-11-12
ARI incidence,BE,2025-11-23,3,quantile,0.3,715.3282474332772,2025-11-12
ARI incidence,BE,2025-11-30,4,quantile,0.3,688.5927814212669,2025-11-12
ARI incidence,BE,2025-11-09,1,quantile,0.35,953.4986237257489,2025-11-12
ARI incidence,BE,2025-11-16,2,quantile,0.35,812.5630259715155,2025-11-12
ARI incidence,BE,2025-11-23,3,quantile,0.35,746.6489130116597,2025-11-12
ARI incidence,BE,2025-11-30,4,quantile,0.35,719.6348219687245,2025-11-12
ARI incidence,BE,2025-11-09,1,quantile,0.4,984.8471097754324,2025-11-12
ARI incidence,BE,2025-11-16,2,quantile,0.4,838.2910359615107,2025-11-12
ARI incidence,BE,2025-11-23,3,quantile,0.4,776.2573778422119,2025-11-12
ARI incidence,BE,2025-11-30,4,quantile,0.4,756.0469213089262,2025-11-12
ARI incidence,BE,2025-11-09,1,quantile,0.45,1023.646866657955,2025-11-12
ARI incidence,BE,2025-11-16,2,quantile,0.45,856.4795569641323,2025-11-12
ARI incidence,BE,2025-11-23,3,quantile,0.45,798.2128918485098,2025-11-12
ARI incidence,BE,2025-11-30,4,quantile,0.45,787.8465914715131,2025-11-12
ARI incidence,BE,2025-11-09,1,quantile,0.5,1037.7029259058186,2025-11-12
ARI incidence,BE,2025-11-16,2,quantile,0.5,866.7569695842755,2025-11-12
ARI incidence,BE,2025-11-23,3,quantile,0.5,820.6114460932985,2025-11-12
ARI incidence,BE,2025-11-30,4,quantile,0.5,823.6075231202915,2025-11-12
ARI incidence,BE,2025-11-09,1,quantile,0.55,1050.0583363865928,2025-11-12
ARI incidence,BE,2025-11-16,2,quantile,0.55,882.8667504691864,2025-11-12
ARI incidence,BE,2025-11-23,3,quantile,0.55,847.7272016719548,2025-11-12
ARI incidence,BE,2025-11-30,4,quantile,0.55,882.6948264960864,2025-11-12
ARI incidence,BE,2025-11-09,1,quantile,0.6,1068.4774508347955,2025-11-12
ARI incidence,BE,2025-11-16,2,quantile,0.6,899.5536890356551,2025-11-12
ARI incidence,BE,2025-11-23,3,quantile,0.6,872.1098840906476,2025-11-12
ARI incidence,BE,2025-11-30,4,quantile,0.6,916.6257363430427,2025-11-12
ARI incidence,BE,2025-11-09,1,quantile,0.65,1092.487425783785,2025-11-12
ARI incidence,BE,2025-11-16,2,quantile,0.65,915.4227509080923,2025-11-12
ARI incidence,BE,2025-11-23,3,quantile,0.65,903.2598808078802,2025-11-12
ARI incidence,BE,2025-11-30,4,quantile,0.65,948.277614148485,2025-11-12
ARI incidence,BE,2025-11-09,1,quantile,0.7,1112.2827608278337,2025-11-12
ARI incidence,BE,2025-11-16,2,quantile,0.7,933.7934335463993,2025-11-12
ARI incidence,BE,2025-11-23,3,quantile,0.7,916.692128782692,2025-11-12
ARI incidence,BE,2025-11-30,4,quantile,0.7,998.8233341065134,2025-11-12
ARI incidence,BE,2025-11-09,1,quantile,0.75,1129.9077229327545,2025-11-12
ARI incidence,BE,2025-11-16,2,quantile,0.75,957.2182218932797,2025-11-12
ARI incidence,BE,2025-11-23,3,quantile,0.75,929.5791733123916,2025-11-12
ARI incidence,BE,2025-11-30,4,quantile,0.75,1031.5540106162516,2025-11-12
ARI incidence,BE,2025-11-09,1,quantile,0.8,1136.5794011707296,2025-11-12
ARI incidence,BE,2025-11-16,2,quantile,0.8,988.220955242968,2025-11-12
ARI incidence,BE,2025-11-23,3,quantile,0.8,947.1570269508982,2025-11-12
ARI incidence,BE,2025-11-30,4,quantile,0.8,1055.0232080768092,2025-11-12
ARI incidence,BE,2025-11-09,1,quantile,0.85,1146.0719960706501,2025-11-12
ARI incidence,BE,2025-11-16,2,quantile,0.85,1019.0129796528736,2025-11-12
ARI incidence,BE,2025-11-23,3,quantile,0.85,967.7525945856532,2025-11-12
ARI incidence,BE,2025-11-30,4,quantile,0.85,1085.88441260738,2025-11-12
ARI incidence,BE,2025-11-09,1,quantile,0.9,1157.805512723113,2025-11-12
ARI incidence,BE,2025-11-16,2,quantile,0.9,1067.0695578498228,2025-11-12
ARI incidence,BE,2025-11-23,3,quantile,0.9,990.4316551805208,2025-11-12
ARI incidence,BE,2025-11-30,4,quantile,0.9,1158.8940656881432,2025-11-12
ARI incidence,BE,2025-11-09,1,quantile,0.95,1206.9740987884788,2025-11-12
ARI incidence,BE,2025-11-16,2,quantile,0.95,1089.7113607543977,2025-11-12
ARI incidence,BE,2025-11-23,3,quantile,0.95,1053.0232424902408,2025-11-12
ARI incidence,BE,2025-11-30,4,quantile,0.95,1208.4829286868305,2025-11-12
ARI incidence,BE,2025-11-09,1,quantile,0.975,1238.6481968965193,2025-11-12
ARI incidence,BE,2025-11-16,2,quantile,0.975,1128.010003586046,2025-11-12
ARI incidence,BE,2025-11-23,3,quantile,0.975,1209.4750732963762,2025-11-12
ARI incidence,BE,2025-11-30,4,quantile,0.975,1229.7876217727428,2025-11-12
ARI incidence,BE,2025-11-09,1,quantile,0.99,1265.3729341752874,2025-11-12
ARI incidence,BE,2025-11-16,2,quantile,0.99,1168.0584260555493,2025-11-12
ARI incidence,BE,2025-11-23,3,quantile,0.99,1389.1997395696,2025-11-12
ARI incidence,BE,2025-11-30,4,quantile,0.99,1249.699040525937,2025-11-12
ARI incidence,BE,2025-11-09,1,median,,1037.7029259058186,2025-11-12
ARI incidence,BE,2025-11-16,2,median,,866.7569695842755,2025-11-12
ARI incidence,BE,2025-11-23,3,median,,820.6114460932985,2025-11-12
ARI incidence,BE,2025-11-30,4,median,,823.6075231202915,2025-11-12
ARI incidence,BG,2025-11-09,1,quantile,0.01,40.63340367790964,2025-11-12
ARI incidence,BG,2025-11-16,2,quantile,0.01,294.79354375188996,2025-11-12
ARI incidence,BG,2025-11-23,3,quantile,0.01,347.88755376841465,2025-11-12
ARI incidence,BG,2025-11-30,4,quantile,0.01,197.83603431768393,2025-11-12
ARI incidence,BG,2025-11-09,1,quantile,0.025,215.99637982958424,2025-11-12
ARI incidence,BG,2025-11-16,2,quantile,0.025,328.13403853745376,2025-11-12
ARI incidence,BG,2025-11-23,3,quantile,0.025,374.8330165366492,2025-11-12
ARI incidence,BG,2025-11-30,4,quantile,0.025,226.193976211935,2025-11-12
ARI incidence,BG,2025-11-09,1,quantile,0.05,247.87604863958705,2025-11-12
ARI incidence,BG,2025-11-16,2,quantile,0.05,364.6750063089605,2025-11-12
ARI incidence,BG,2025-11-23,3,quantile,0.05,438.8767424049013,2025-11-12
ARI incidence,BG,2025-11-30,4,quantile,0.05,268.8158806035185,2025-11-12
ARI incidence,BG,2025-11-09,1,quantile,0.1,298.9086215501738,2025-11-12
ARI incidence,BG,2025-11-16,2,quantile,0.1,416.3317993170731,2025-11-12
ARI incidence,BG,2025-11-23,3,quantile,0.1,531.9030022745525,2025-11-12
ARI incidence,BG,2025-11-30,4,quantile,0.1,325.56108050402634,2025-11-12
ARI incidence,BG,2025-11-09,1,quantile,0.15,309.48450722885013,2025-11-12
ARI incidence,BG,2025-11-16,2,quantile,0.15,441.479296157335,2025-11-12
ARI incidence,BG,2025-11-23,3,quantile,0.15,565.203201161745,2025-11-12
ARI incidence,BG,2025-11-30,4,quantile,0.15,347.0866835715055,2025-11-12
ARI incidence,BG,2025-11-09,1,quantile,0.2,325.2417423105288,2025-11-12
ARI incidence,BG,2025-11-16,2,quantile,0.2,502.54033075353516,2025-11-12
ARI incidence,BG,2025-11-23,3,quantile,0.2,585.6277002046187,2025-11-12
ARI incidence,BG,2025-11-30,4,quantile,0.2,360.5709662030962,2025-11-12
ARI incidence,BG,2025-11-09,1,quantile,0.25,344.52506221141283,2025-11-12
ARI incidence,BG,2025-11-16,2,quantile,0.25,522.6304210663463,2025-11-12
ARI incidence,BG,2025-11-23,3,quantile,0.25,598.1819968330312,2025-11-12
ARI incidence,BG,2025-11-30,4,quantile,0.25,381.4387127695491,2025-11-12
ARI incidence,BG,2025-11-09,1,quantile,0.3,376.38507030412524,2025-11-12
ARI incidence,BG,2025-11-16,2,quantile,0.3,540.9280519718061,2025-11-12
ARI incidence,BG,2025-11-23,3,quantile,0.3,612.1542677745377,2025-11-12
ARI incidence,BG,2025-11-30,4,quantile,0.3,409.69203431363934,2025-11-12
ARI incidence,BG,2025-11-09,1,quantile,0.35,401.90043375056723,2025-11-12
ARI incidence,BG,2025-11-16,2,quantile,0.35,567.7914830557766,2025-11-12
ARI incidence,BG,2025-11-23,3,quantile,0.35,623.0000214157249,2025-11-12
ARI incidence,BG,2025-11-30,4,quantile,0.35,450.5821970828041,2025-11-12
ARI incidence,BG,2025-11-09,1,quantile,0.4,443.4980483842652,2025-11-12
ARI incidence,BG,2025-11-16,2,quantile,0.4,588.6434382825724,2025-11-12
ARI incidence,BG,2025-11-23,3,quantile,0.4,649.4990278981727,2025-11-12
ARI incidence,BG,2025-11-30,4,quantile,0.4,471.74797935094136,2025-11-12
ARI incidence,BG,2025-11-09,1,quantile,0.45,480.3947948036568,2025-11-12
ARI incidence,BG,2025-11-16,2,quantile,0.45,602.5580168361694,2025-11-12
ARI incidence,BG,2025-11-23,3,quantile,0.45,678.5304667066185,2025-11-12
ARI incidence,BG,2025-11-30,4,quantile,0.45,502.3680353690597,2025-11-12
ARI incidence,BG,2025-11-09,1,quantile,0.5,520.2629602347984,2025-11-12
ARI incidence,BG,2025-11-16,2,quantile,0.5,612.6542695474632,2025-11-12
ARI incidence,BG,2025-11-23,3,quantile,0.5,701.10721021986,2025-11-12
ARI incidence,BG,2025-11-30,4,quantile,0.5,532.8056755738019,2025-11-12
ARI incidence,BG,2025-11-09,1,quantile,0.55,544.1234100253463,2025-11-12
ARI incidence,BG,2025-11-16,2,quantile,0.55,626.5606846249125,2025-11-12
ARI incidence,BG,2025-11-23,3,quantile,0.55,716.9840956793641,2025-11-12
ARI incidence,BG,2025-11-30,4,quantile,0.55,577.5503518165356,2025-11-12
ARI incidence,BG,2025-11-09,1,quantile,0.6,553.3789469367919,2025-11-12
ARI incidence,BG,2025-11-16,2,quantile,0.6,635.264896143508,2025-11-12
ARI incidence,BG,2025-11-23,3,quantile,0.6,736.6724708761521,2025-11-12
ARI incidence,BG,2025-11-30,4,quantile,0.6,625.4326768935468,2025-11-12
ARI incidence,BG,2025-11-09,1,quantile,0.65,562.5421715483568,2025-11-12
ARI incidence,BG,2025-11-16,2,quantile,0.65,643.209197338867,2025-11-12
ARI incidence,BG,2025-11-23,3,quantile,0.65,754.5827229846146,2025-11-12
ARI incidence,BG,2025-11-30,4,quantile,0.65,663.8429765649832,2025-11-12
ARI incidence,BG,2025-11-09,1,quantile,0.7,585.0209996111449,2025-11-12
ARI incidence,BG,2025-11-16,2,quantile,0.7,659.0539196072234,2025-11-12
ARI incidence,BG,2025-11-23,3,quantile,0.7,773.3530545242818,2025-11-12
ARI incidence,BG,2025-11-30,4,quantile,0.7,688.015913788143,2025-11-12
ARI incidence,BG,2025-11-09,1,quantile,0.75,599.8777794999208,2025-11-12
ARI incidence,BG,2025-11-16,2,quantile,0.75,683.1000336192828,2025-11-12
ARI incidence,BG,2025-11-23,3,quantile,0.75,794.4409510049018,2025-11-12
ARI incidence,BG,2025-11-30,4,quantile,0.75,695.8539895616683,2025-11-12
ARI incidence,BG,2025-11-09,1,quantile,0.8,624.9024958220631,2025-11-12
ARI incidence,BG,2025-11-16,2,quantile,0.8,724.8492515567835,2025-11-12
ARI incidence,BG,2025-11-23,3,quantile,0.8,811.1786313833292,2025-11-12
ARI incidence,BG,2025-11-30,4,quantile,0.8,722.3765149790526,2025-11-12
ARI incidence,BG,2025-11-09,1,quantile,0.85,668.2200432912963,2025-11-12
ARI incidence,BG,2025-11-16,2,quantile,0.85,766.0197991679247,2025-11-12
ARI incidence,BG,2025-11-23,3,quantile,0.85,820.3901429466436,2025-11-12
ARI incidence,BG,2025-11-30,4,quantile,0.85,762.4602056520422,2025-11-12
ARI incidence,BG,2025-11-09,1,quantile,0.9,719.8786423967326,2025-11-12
ARI incidence,BG,2025-11-16,2,quantile,0.9,820.511592918193,2025-11-12
ARI incidence,BG,2025-11-23,3,quantile,0.9,838.7990494904828,2025-11-12
ARI incidence,BG,2025-11-30,4,quantile,0.9,789.3648947844175,2025-11-12
ARI incidence,BG,2025-11-09,1,quantile,0.95,778.2309313909689,2025-11-12
ARI incidence,BG,2025-11-16,2,quantile,0.95,891.6583136605412,2025-11-12
ARI incidence,BG,2025-11-23,3,quantile,0.95,935.9969120096423,2025-11-12
ARI incidence,BG,2025-11-30,4,quantile,0.95,821.1549795452904,2025-11-12
ARI incidence,BG,2025-11-09,1,quantile,0.975,809.8708018122277,2025-11-12
ARI incidence,BG,2025-11-16,2,quantile,0.975,1009.6090992313506,2025-11-12
ARI incidence,BG,2025-11-23,3,quantile,0.975,989.8474854440658,2025-11-12
ARI incidence,BG,2025-11-30,4,quantile,0.975,891.0821112980623,2025-11-12
ARI incidence,BG,2025-11-09,1,quantile,0.99,831.9609750171807,2025-11-12
ARI incidence,BG,2025-11-16,2,quantile,0.99,1079.0036711898902,2025-11-12
ARI incidence,BG,2025-11-23,3,quantile,0.99,1030.4206382978757,2025-11-12
ARI incidence,BG,2025-11-30,4,quantile,0.99,961.830398116554,2025-11-12
ARI incidence,BG,2025-11-09,1,median,,520.2629602347984,2025-11-12
ARI incidence,BG,2025-11-16,2,median,,612.6542695474632,2025-11-12
ARI incidence,BG,2025-11-23,3,median,,701.10721021986,2025-11-12
ARI incidence,BG,2025-11-30,4,median,,532.8056755738019,2025-11-12
ARI incidence,DE,2025-11-09,1,quantile,0.01,166.57787366846532,2025-11-12
ARI incidence,DE,2025-11-16,2,quantile,0.01,523.5187995356337,2025-11-12
ARI incidence,DE,2025-11-23,3,quantile,0.01,674.9978139803871,2025-11-12
ARI incidence,DE,2025-11-30,4,quantile,0.01,641.5867586020388,2025-11-12
ARI incidence,DE,2025-11-09,1,quantile,0.025,286.47638301620367,2025-11-12
ARI incidence,DE,2025-11-16,2,quantile,0.025,574.228873356392,2025-11-12
ARI incidence,DE,2025-11-23,3,quantile,0.025,780.9844763350249,2025-11-12
ARI incidence,DE,2025-11-30,4,quantile,0.025,686.9191428399213,2025-11-12
ARI incidence,DE,2025-11-09,1,quantile,0.05,639.7480298880215,2025-11-12
ARI incidence,DE,2025-11-16,2,quantile,0.05,608.428228668474,2025-11-12
ARI incidence,DE,2025-11-23,3,quantile,0.05,844.2693085212969,2025-11-12
ARI incidence,DE,2025-11-30,4,quantile,0.05,735.7100505994142,2025-11-12
ARI incidence,DE,2025-11-09,1,quantile,0.1,842.4156259982484,2025-11-12
ARI incidence,DE,2025-11-16,2,quantile,0.1,689.8868930619439,2025-11-12
ARI incidence,DE,2025-11-23,3,quantile,0.1,932.5064396863033,2025-11-12
ARI incidence,DE,2025-11-30,4,quantile,0.1,828.8804554324709,2025-11-12
ARI incidence,DE,2025-11-09,1,quantile,0.15,957.8006687228457,2025-11-12
ARI incidence,DE,2025-11-16,2,quantile,0.15,766.2216978776923,2025-11-12
ARI incidence,DE,2025-11-23,3,quantile,0.15,996.3484976651118,2025-11-12
ARI incidence,DE,2025-11-30,4,quantile,0.15,889.2080466953834,2025-11-12
ARI incidence,DE,2025-11-09,1,quantile,0.2,1018.3398597501092,2025-11-12
ARI incidence,DE,2025-11-16,2,quantile,0.2,895.7821556522372,2025-11-12
ARI incidence,DE,2025-11-23,3,quantile,0.2,1053.8476075107549,2025-11-12
ARI incidence,DE,2025-11-30,4,quantile,0.2,984.144982972436,2025-11-12
ARI incidence,DE,2025-11-09,1,quantile,0.25,1098.6393212540438,2025-11-12
ARI incidence,DE,2025-11-16,2,quantile,0.25,986.385663025327,2025-11-12
ARI incidence,DE,2025-11-23,3,quantile,0.25,1093.7809952405414,2025-11-12
ARI incidence,DE,2025-11-30,4,quantile,0.25,1076.7989897572397,2025-11-12
ARI incidence,DE,2025-11-09,1,quantile,0.3,1138.235870729273,2025-11-12
ARI incidence,DE,2025-11-16,2,quantile,0.3,1020.5653137026981,2025-11-12
ARI incidence,DE,2025-11-23,3,quantile,0.3,1147.378150120087,2025-11-12
ARI incidence,DE,2025-11-30,4,quantile,0.3,1175.315626159051,2025-11-12
ARI incidence,DE,2025-11-09,1,quantile,0.35,1168.1178933069318,2025-11-12
ARI incidence,DE,2025-11-16,2,quantile,0.35,1052.0603950659902,2025-11-12
ARI incidence,DE,2025-11-23,3,quantile,0.35,1179.1160123924337,2025-11-12
ARI incidence,DE,2025-11-30,4,quantile,0.35,1220.6886243241388,2025-11-12
ARI incidence,DE,2025-11-09,1,quantile,0.4,1186.4060022836366,2025-11-12
ARI incidence,DE,2025-11-16,2,quantile,0.4,1084.7503952867664,2025-11-12
ARI incidence,DE,2025-11-23,3,quantile,0.4,1210.5963254170408,2025-11-12
ARI incidence,DE,2025-11-30,4,quantile,0.4,1259.0747418453805,2025-11-12
ARI incidence,DE,2025-11-09,1,quantile,0.45,1195.8802661891966,2025-11-12
ARI incidence,DE,2025-11-16,2,quantile,0.45,1101.0934759016777,2025-11-12
ARI incidence,DE,2025-11-23,3,quantile,0.45,1224.1944028114885,2025-11-12
ARI incidence,DE,2025-11-30,4,quantile,0.45,1282.006986237225,2025-11-12
ARI incidence,DE,2025-11-09,1,quantile,0.5,1204.1714445679709,2025-11-12
ARI incidence,DE,2025-11-16,2,quantile,0.5,1112.7593118781228,2025-11-12
ARI incidence,DE,2025-11-23,3,quantile,0.5,1256.2569038959464,2025-11-12
ARI incidence,DE,2025-11-30,4,quantile,0.5,1304.3245032293778,2025-11-12
ARI incidence,DE,2025-11-09,1,quantile,0.55,1222.9395173058888,2025-11-12
ARI incidence,DE,2025-11-16,2,quantile,0.55,1136.2687084867332,2025-11-12
ARI incidence,DE,2025-11-23,3,quantile,0.55,1306.2250031851254,2025-11-12
ARI incidence,DE,2025-11-30,4,quantile,0.55,1333.234995259569,2025-11-12
ARI incidence,DE,2025-11-09,1,quantile,0.6,1262.4453913801124,2025-11-12
ARI incidence,DE,2025-11-16,2,quantile,0.6,1165.148616521008,2025-11-12
ARI incidence,DE,2025-11-23,3,quantile,0.6,1352.4497639491235,2025-11-12
ARI incidence,DE,2025-11-30,4,quantile,0.6,1372.9616099955533,2025-11-12
ARI incidence,DE,2025-11-09,1,quantile,0.65,1302.9492879362406,2025-11-12
ARI incidence,DE,2025-11-16,2,quantile,0.65,1186.895394610843,2025-11-12
ARI incidence,DE,2025-11-23,3,quantile,0.65,1423.352682569202,2025-11-12
ARI incidence,DE,2025-11-30,4,quantile,0.65,1402.9409588847532,2025-11-12
ARI incidence,DE,2025-11-09,1,quantile,0.7,1325.8041413441656,2025-11-12
ARI incidence,DE,2025-11-16,2,quantile,0.7,1203.5580587163865,2025-11-12
ARI incidence,DE,2025-11-23,3,quantile,0.7,1501.5770794677096,2025-11-12
ARI incidence,DE,2025-11-30,4,quantile,0.7,1438.6451313333187,2025-11-12
ARI incidence,DE,2025-11-09,1,quantile,0.75,1348.0943595951112,2025-11-12
ARI incidence,DE,2025-11-16,2,quantile,0.75,1227.5784538481985,2025-11-12
ARI incidence,DE,2025-11-23,3,quantile,0.75,1563.0112153997272,2025-11-12
ARI incidence,DE,2025-11-30,4,quantile,0.75,1469.1664695874106,2025-11-12
ARI incidence,DE,2025-11-09,1,quantile,0.8,1387.0144767063578,2025-11-12
ARI incidence,DE,2025-11-16,2,quantile,0.8,1262.8850047158612,2025-11-12
ARI incidence,DE,2025-11-23,3,quantile,0.8,1616.2686077851877,2025-11-12
ARI incidence,DE,2025-11-30,4,quantile,0.8,1507.7648146673375,2025-11-12
ARI incidence,DE,2025-11-09,1,quantile,0.85,1422.926954241671,2025-11-12
ARI incidence,DE,2025-11-16,2,quantile,0.85,1310.7758430117824,2025-11-12
ARI incidence,DE,2025-11-23,3,quantile,0.85,1658.6551763974878,2025-11-12
ARI incidence,DE,2025-11-30,4,quantile,0.85,1533.584959216712,2025-11-12
ARI incidence,DE,2025-11-09,1,quantile,0.9,1475.0941336474305,2025-11-12
ARI incidence,DE,2025-11-16,2,quantile,0.9,1425.144337995877,2025-11-12
ARI incidence,DE,2025-11-23,3,quantile,0.9,1701.8961899880403,2025-11-12
ARI incidence,DE,2025-11-30,4,quantile,0.9,1557.2527338462892,2025-11-12
ARI incidence,DE,2025-11-09,1,quantile,0.95,1619.2275673135175,2025-11-12
ARI incidence,DE,2025-11-16,2,quantile,0.95,1595.1745609200996,2025-11-12
ARI incidence,DE,2025-11-23,3,quantile,0.95,1739.854689367782,2025-11-12
ARI incidence,DE,2025-11-30,4,quantile,0.95,1584.8069061545518,2025-11-12
ARI incidence,DE,2025-11-09,1,quantile,0.975,1695.3179934967395,2025-11-12
ARI incidence,DE,2025-11-16,2,quantile,0.975,1693.56596457748,2025-11-12
ARI incidence,DE,2025-11-23,3,quantile,0.975,1756.111247425074,2025-11-12
ARI incidence,DE,2025-11-30,4,quantile,0.975,1617.9994107496552,2025-11-12
ARI incidence,DE,2025-11-09,1,quantile,0.99,1791.8011721839564,2025-11-12
ARI incidence,DE,2025-11-16,2,quantile,0.99,1749.2342864283098,2025-11-12
ARI incidence,DE,2025-11-23,3,quantile,0.99,1773.3134964171506,2025-11-12
ARI incidence,DE,2025-11-30,4,quantile,0.99,1652.0050401428641,2025-11-12
ARI incidence,DE,2025-11-09,1,median,,1204.1714445679709,2025-11-12
ARI incidence,DE,2025-11-16,2,median,,1112.7593118781228,2025-11-12
ARI incidence,DE,2025-11-23,3,median,,1256.2569038959464,2025-11-12
ARI incidence,DE,2025-11-30,4,median,,1304.3245032293778,2025-11-12
ARI incidence,LU,2025-11-09,1,quantile,0.01,0.0,2025-11-12
ARI incidence,LU,2025-11-16,2,quantile,0.01,6619.025169604668,2025-11-12
ARI incidence,LU,2025-11-23,3,quantile,0.01,4529.174953309858,2025-11-12
ARI incidence,LU,2025-11-30,4,quantile,0.01,1086.4206445590285,2025-11-12
ARI incidence,LU,2025-11-09,1,quantile,0.025,4774.925362394598,2025-11-12
ARI incidence,LU,2025-11-16,2,quantile,0.025,7336.612371564325,2025-11-12
ARI incidence,LU,2025-11-23,3,quantile,0.025,6625.60481406073,2025-11-12
ARI incidence,LU,2025-11-30,4,quantile,0.025,8170.068812693776,2025-11-12
ARI incidence,LU,2025-11-09,1,quantile,0.05,5815.415514004667,2025-11-12
ARI incidence,LU,2025-11-16,2,quantile,0.05,7758.788371219832,2025-11-12
ARI incidence,LU,2025-11-23,3,quantile,0.05,8060.245064790691,2025-11-12
ARI incidence,LU,2025-11-30,4,quantile,0.05,8253.278396109787,2025-11-12
ARI incidence,LU,2025-11-09,1,quantile,0.1,6507.682763162749,2025-11-12
ARI incidence,LU,2025-11-16,2,quantile,0.1,8630.341139943415,2025-11-12
ARI incidence,LU,2025-11-23,3,quantile,0.1,8708.637144390805,2025-11-12
ARI incidence,LU,2025-11-30,4,quantile,0.1,8427.712582847713,2025-11-12
ARI incidence,LU,2025-11-09,1,quantile,0.15,7036.672546382636,2025-11-12
ARI incidence,LU,2025-11-16,2,quantile,0.15,8979.985646006582,2025-11-12
ARI incidence,LU,2025-11-23,3,quantile,0.15,9724.79591890512,2025-11-12
ARI incidence,LU,2025-11-30,4,quantile,0.15,8686.072659141228,2025-11-12
ARI incidence,LU,2025-11-09,1,quantile,0.2,7378.08200858198,2025-11-12
ARI incidence,LU,2025-11-16,2,quantile,0.2,9290.299082832544,2025-11-12
ARI incidence,LU,2025-11-23,3,quantile,0.2,10417.598529303743,2025-11-12
ARI incidence,LU,2025-11-30,4,quantile,0.2,9426.907894707956,2025-11-12
ARI incidence,LU,2025-11-09,1,quantile,0.25,7664.59294561903,2025-11-12
ARI incidence,LU,2025-11-16,2,quantile,0.25,9353.22211369996,2025-11-12
ARI incidence,LU,2025-11-23,3,quantile,0.25,11030.348024971463,2025-11-12
ARI incidence,LU,2025-11-30,4,quantile,0.25,9846.376368781757,2025-11-12
ARI incidence,LU,2025-11-09,1,quantile,0.3,8045.173996578529,2025-11-12
ARI incidence,LU,2025-11-16,2,quantile,0.3,9437.59016225288,2025-11-12
ARI incidence,LU,2025-11-23,3,quantile,0.3,11232.377955721002,2025-11-12
ARI incidence,LU,2025-11-30,4,quantile,0.3,10199.150784283682,2025-11-12
ARI incidence,LU,2025-11-09,1,quantile,0.35,8396.216205597128,2025-11-12
ARI incidence,LU,2025-11-16,2,quantile,0.35,9999.661006054752,2025-11-12
ARI incidence,LU,2025-11-23,3,quantile,0.35,11394.605122540192,2025-11-12
ARI incidence,LU,2025-11-30,4,quantile,0.35,10676.74560639202,2025-11-12
ARI incidence,LU,2025-11-09,1,quantile,0.4,8765.413554433304,2025-11-12
ARI incidence,LU,2025-11-16,2,quantile,0.4,10324.250824818066,2025-11-12
ARI incidence,LU,2025-11-23,3,quantile,0.4,11694.2437480758,2025-11-12
ARI incidence,LU,2025-11-30,4,quantile,0.4,11213.253916454938,2025-11-12
ARI incidence,LU,2025-11-09,1,quantile,0.45,9318.800428127752,2025-11-12
ARI incidence,LU,2025-11-16,2,quantile,0.45,10668.580411870595,2025-11-12
ARI incidence,LU,2025-11-23,3,quantile,0.45,11984.923800805802,2025-11-12
ARI incidence,LU,2025-11-30,4,quantile,0.45,11678.750980915043,2025-11-12
ARI incidence,LU,2025-11-09,1,quantile,0.5,9759.595279884452,2025-11-12
ARI incidence,LU,2025-11-16,2,quantile,0.5,11220.161932805995,2025-11-12
ARI incidence,LU,2025-11-23,3,quantile,0.5,12294.110067606714,2025-11-12
ARI incidence,LU,2025-11-30,4,quantile,0.5,12243.51697548673,2025-11-12
ARI incidence,LU,2025-11-09,1,quantile,0.55,10388.057154832639,2025-11-12
ARI incidence,LU,2025-11-16,2,quantile,0.55,11484.205414070628,2025-11-12
ARI incidence,LU,2025-11-23,3,quantile,0.55,12555.58302098059,2025-11-12
ARI incidence,LU,2025-11-30,4,quantile,0.55,12562.988381821286,2025-11-12
ARI incidence,LU,2025-11-09,1,quantile,0.6,10747.479412222805,2025-11-12
ARI incidence,LU,2025-11-16,2,quantile,0.6,11733.354955021987,2025-11-12
ARI incidence,LU,2025-11-23,3,quantile,0.6,12963.824201208494,2025-11-12
ARI incidence,LU,2025-11-30,4,quantile,0.6,12836.126557141799,2025-11-12
ARI incidence,LU,2025-11-09,1,quantile,0.65,11293.417811409283,2025-11-12
ARI incidence,LU,2025-11-16,2,quantile,0.65,12028.57059020528,2025-11-12
ARI incidence,LU,2025-11-23,3,quantile,0.65,13558.066032997594,2025-11-12
ARI incidence,LU,2025-11-30,4,quantile,0.65,13195.732953405508,2025-11-12
ARI incidence,LU,2025-11-09,1,quantile,0.7,11782.05656715344,2025-11-12
ARI incidence,LU,2025-11-16,2,quantile,0.7,12274.50091133446,2025-11-12
ARI incidence,LU,2025-11-23,3,quantile,0.7,13862.520445764672,2025-11-12
ARI incidence,LU,2025-11-30,4,quantile,0.7,13473.111260810349,2025-11-12
ARI incidence,LU,2025-11-09,1,quantile,0.75,12508.28886593227,2025-11-12
ARI incidence,LU,2025-11-16,2,quantile,0.75,12670.428104152048,2025-11-12
ARI incidence,LU,2025-11-23,3,quantile,0.75,14116.637355478466,2025-11-12
ARI incidence,LU,2025-11-30,4,quantile,0.75,13577.49776498393,2025-11-12
ARI incidence,LU,2025-11-09,1,quantile,0.8,12921.398376890307,2025-11-12
ARI incidence,LU,2025-11-16,2,quantile,0.8,13323.90725894298,2025-11-12
ARI incidence,LU,2025-11-23,3,quantile,0.8,14604.504523410083,2025-11-12
ARI incidence,LU,2025-11-30,4,quantile,0.8,13885.943647549828,2025-11-12
ARI incidence,LU,2025-11-09,1,quantile,0.85,13083.50810363568,2025-11-12
ARI incidence,LU,2025-11-16,2,quantile,0.85,13688.891235165736,2025-11-12
ARI incidence,LU,2025-11-23,3,quantile,0.85,15124.825792052616,2025-11-12
ARI incidence,LU,2025-11-30,4,quantile,0.85,14540.085466134757,2025-11-12
ARI incidence,LU,2025-11-09,1,quantile,0.9,13689.320160511597,2025-11-12
ARI incidence,LU,2025-11-16,2,quantile,0.9,14389.452586510479,2025-11-12
ARI incidence,LU,2025-11-23,3,quantile,0.9,15546.188433192783,2025-11-12
ARI incidence,LU,2025-11-30,4,quantile,0.9,15304.23335519689,2025-11-12
ARI incidence,LU,2025-11-09,1,quantile,0.95,14249.056152034049,2025-11-12
ARI incidence,LU,2025-11-16,2,quantile,0.95,15416.878916232843,2025-11-12
ARI incidence,LU,2025-11-23,3,quantile,0.95,16297.37473144926,2025-11-12
ARI incidence,LU,2025-11-30,4,quantile,0.95,17017.21409447122,2025-11-12
ARI incidence,LU,2025-11-09,1,quantile,0.975,14595.926622475741,2025-11-12
ARI incidence,LU,2025-11-16,2,quantile,0.975,16226.61258591586,2025-11-12
ARI incidence,LU,2025-11-23,3,quantile,0.975,17090.239250720006,2025-11-12
ARI incidence,LU,2025-11-30,4,quantile,0.975,18282.68446952917,2025-11-12
ARI incidence,LU,2025-11-09,1,quantile,0.99,14851.919118080192,2025-11-12
ARI incidence,LU,2025-11-16,2,quantile,0.99,18269.48995689075,2025-11-12
ARI incidence,LU,2025-11-23,3,quantile,0.99,18046.749799327914,2025-11-12
ARI incidence,LU,2025-11-30,4,quantile,0.99,20230.711568831157,2025-11-12
ARI incidence,LU,2025-11-09,1,median,,9759.595279884452,2025-11-12
ARI incidence,LU,2025-11-16,2,median,,11220.161932805995,2025-11-12
ARI incidence,LU,2025-11-23,3,median,,12294.110067606714,2025-11-12
ARI incidence,LU,2025-11-30,4,median,,12243.51697548673,2025-11-12
ARI incidence,SI,2025-11-09,1,quantile,0.01,0.0,2025-11-12
ARI incidence,SI,2025-11-16,2,quantile,0.01,0.0,2025-11-12
ARI incidence,SI,2025-11-23,3,quantile,0.01,89.11223927751313,2025-11-12
ARI incidence,SI,2025-11-30,4,quantile,0.01,392.12212143653176,2025-11-12
ARI incidence,SI,2025-11-09,1,quantile,0.025,132.05054717210686,2025-11-12
ARI incidence,SI,2025-11-16,2,quantile,0.025,0.0,2025-11-12
ARI incidence,SI,2025-11-23,3,quantile,0.025,204.85832630767686,2025-11-12
ARI incidence,SI,2025-11-30,4,quantile,0.025,429.40191504646856,2025-11-12
ARI incidence,SI,2025-11-09,1,quantile,0.05,328.36890314306953,2025-11-12
ARI incidence,SI,2025-11-16,2,quantile,0.05,0.0,2025-11-12
ARI incidence,SI,2025-11-23,3,quantile,0.05,366.92002720004035,2025-11-12
ARI incidence,SI,2025-11-30,4,quantile,0.05,478.20970978769554,2025-11-12
ARI incidence,SI,2025-11-09,1,quantile,0.1,432.0643747628053,2025-11-12
ARI incidence,SI,2025-11-16,2,quantile,0.1,260.66132816748257,2025-11-12
ARI incidence,SI,2025-11-23,3,quantile,0.1,520.0154061484077,2025-11-12
ARI incidence,SI,2025-11-30,4,quantile,0.1,583.4320792375937,2025-11-12
ARI incidence,SI,2025-11-09,1,quantile,0.15,571.239394108394,2025-11-12
ARI incidence,SI,2025-11-16,2,quantile,0.15,371.9140888333901,2025-11-12
ARI incidence,SI,2025-11-23,3,quantile,0.15,635.4086753366396,2025-11-12
ARI incidence,SI,2025-11-30,4,quantile,0.15,689.1085867470304,2025-11-12
ARI incidence,SI,2025-11-09,1,quantile,0.2,653.679101480403,2025-11-12
ARI incidence,SI,2025-11-16,2,quantile,0.2,478.5985991562034,2025-11-12
ARI incidence,SI,2025-11-23,3,quantile,0.2,679.5758060917578,2025-11-12
ARI incidence,SI,2025-11-30,4,quantile,0.2,756.1395424042116,2025-11-12
ARI incidence,SI,2025-11-09,1,quantile,0.25,729.3073963626216,2025-11-12
ARI incidence,SI,2025-11-16,2,quantile,0.25,575.6281586294413,2025-11-12
ARI incidence,SI,2025-11-23,3,quantile,0.25,718.9699692986653,2025-11-12
ARI incidence,SI,2025-11-30,4,quantile,0.25,841.5575312193482,2025-11-12
ARI incidence,SI,2025-11-09,1,quantile,0.3,778.2363499555524,2025-11-12
ARI incidence,SI,2025-11-16,2,quantile,0.3,681.3105114473949,2025-11-12
ARI incidence,SI,2025-11-23,3,quantile,0.3,769.4546351678295,2025-11-12
ARI incidence,SI,2025-11-30,4,quantile,0.3,915.0459359329252,2025-11-12
ARI incidence,SI,2025-11-09,1,quantile,0.35,822.8635418463787,2025-11-12
ARI incidence,SI,2025-11-16,2,quantile,0.35,769.3848436215844,2025-11-12
ARI incidence,SI,2025-11-23,3,quantile,0.35,816.5020524481281,2025-11-12
ARI incidence,SI,2025-11-30,4,quantile,0.35,974.6470855983396,2025-11-12
ARI incidence,SI,2025-11-09,1,quantile,0.4,858.5471105434189,2025-11-12
ARI incidence,SI,2025-11-16,2,quantile,0.4,852.1038111330797,2025-11-12
ARI incidence,SI,2025-11-23,3,quantile,0.4,878.5386499893718,2025-11-12
ARI incidence,SI,2025-11-30,4,quantile,0.4,1016.753282966101,2025-11-12
ARI incidence,SI,2025-11-09,1,quantile,0.45,899.7669549027308,2025-11-12
ARI incidence,SI,2025-11-16,2,quantile,0.45,925.3785841956425,2025-11-12
ARI incidence,SI,2025-11-23,3,quantile,0.45,928.076200468909,2025-11-12
ARI incidence,SI,2025-11-30,4,quantile,0.45,1059.2525735467812,2025-11-12
ARI incidence,SI,2025-11-09,1,quantile,0.5,972.8907062786234,2025-11-12
ARI incidence,SI,2025-11-16,2,quantile,0.5,1030.8341490390162,2025-11-12
ARI incidence,SI,2025-11-23,3,quantile,0.5,983.5766654005938,2025-11-12
ARI incidence,SI,2025-11-30,4,quantile,0.5,1082.5127841207595,2025-11-12
ARI incidence,SI,2025-11-09,1,quantile,0.55,1025.7095212984684,2025-11-12
ARI incidence,SI,2025-11-16,2,quantile,0.55,1161.6387621997499,2025-11-12
ARI incidence,SI,2025-11-23,3,quantile,0.55,1042.8154625936277,2025-11-12
ARI incidence,SI,2025-11-30,4,quantile,0.55,1095.785215301857,2025-11-12
ARI incidence,SI,2025-11-09,1,quantile,0.6,1107.6683342298788,2025-11-12
ARI incidence,SI,2025-11-16,2,quantile,0.6,1247.9132788352294,2025-11-12
ARI incidence,SI,2025-11-23,3,quantile,0.6,1090.8103832741717,2025-11-12
ARI incidence,SI,2025-11-30,4,quantile,0.6,1120.4320242277722,2025-11-12
ARI incidence,SI,2025-11-09,1,quantile,0.65,1150.978782887291,2025-11-12
ARI incidence,SI,2025-11-16,2,quantile,0.65,1293.817039188516,2025-11-12
ARI incidence,SI,2025-11-23,3,quantile,0.65,1141.7818362957685,2025-11-12
ARI incidence,SI,2025-11-30,4,quantile,0.65,1159.2218936674294,2025-11-12
ARI incidence,SI,2025-11-09,1,quantile,0.7,1193.1541783548398,2025-11-12
ARI incidence,SI,2025-11-16,2,quantile,0.7,1350.2403640741147,2025-11-12
ARI incidence,SI,2025-11-23,3,quantile,0.7,1177.1892927176725,2025-11-12
ARI incidence,SI,2025-11-30,4,quantile,0.7,1198.623813558031,2025-11-12
ARI incidence,SI,2025-11-09,1,quantile,0.75,1251.7646471915457,2025-11-12
ARI incidence,SI,2025-11-16,2,quantile,0.75,1407.5743455570782,2025-11-12
ARI incidence,SI,2025-11-23,3,quantile,0.75,1214.0174110463117,2025-11-12
ARI incidence,SI,2025-11-30,4,quantile,0.75,1244.9864733679508,2025-11-12
ARI incidence,SI,2025-11-09,1,quantile,0.8,1350.6709777421713,2025-11-12
ARI incidence,SI,2025-11-16,2,quantile,0.8,1489.3559342041021,2025-11-12
ARI incidence,SI,2025-11-23,3,quantile,0.8,1247.5173685267016,2025-11-12
ARI incidence,SI,2025-11-30,4,quantile,0.8,1297.9018973768268,2025-11-12
ARI incidence,SI,2025-11-09,1,quantile,0.85,1500.5351987073448,2025-11-12
ARI incidence,SI,2025-11-16,2,quantile,0.85,1577.0279449282514,2025-11-12
ARI incidence,SI,2025-11-23,3,quantile,0.85,1292.4258025034035,2025-11-12
ARI incidence,SI,2025-11-30,4,quantile,0.85,1414.7633508394404,2025-11-12
ARI incidence,SI,2025-11-09,1,quantile,0.9,1606.9728123015468,2025-11-12
ARI incidence,SI,2025-11-16,2,quantile,0.9,1667.5164355215693,2025-11-12
ARI incidence,SI,2025-11-23,3,quantile,0.9,1421.1313098147593,2025-11-12
ARI incidence,SI,2025-11-30,4,quantile,0.9,1604.153057214072,2025-11-12
ARI incidence,SI,2025-11-09,1,quantile,0.95,1735.9317768223705,2025-11-12
ARI incidence,SI,2025-11-16,2,quantile,0.95,1758.6137054886506,2025-11-12
ARI incidence,SI,2025-11-23,3,quantile,0.95,1675.265191725813,2025-11-12
ARI incidence,SI,2025-11-30,4,quantile,0.95,1756.6611043229734,2025-11-12
ARI incidence,SI,2025-11-09,1,quantile,0.975,1789.3135013972148,2025-11-12
ARI incidence,SI,2025-11-16,2,quantile,0.975,1813.3884852343601,2025-11-12
ARI incidence,SI,2025-11-23,3,quantile,0.975,1860.449040339543,2025-11-12
ARI incidence,SI,2025-11-30,4,quantile,0.975,1890.1177439659623,2025-11-12
ARI incidence,SI,2025-11-09,1,quantile,0.99,1862.696869297923,2025-11-12
ARI incidence,SI,2025-11-16,2,quantile,0.99,1956.9632543278738,2025-11-12
ARI incidence,SI,2025-11-23,3,quantile,0.99,2078.4813505743773,2025-11-12
ARI incidence,SI,2025-11-30,4,quantile,0.99,1978.6403282699298,2025-11-12
ARI incidence,SI,2025-11-09,1,median,,972.8907062786234,2025-11-12
ARI incidence,SI,2025-11-16,2,median,,1030.8341490390162,2025-11-12
ARI incidence,SI,2025-11-23,3,median,,983.5766654005938,2025-11-12
ARI incidence,SI,2025-11-30,4,median,,1082.5127841207595,2025-11-12
